-- phpMyAdmin SQL Dump
-- version 5.0.2
-- https://www.phpmyadmin.net/
--
-- Servidor: 127.0.0.1
-- Tiempo de generación: 04-12-2020 a las 10:52:55
-- Versión del servidor: 10.4.11-MariaDB
-- Versión de PHP: 7.3.17

SET FOREIGN_KEY_CHECKS=0;
SET SQL_MODE = "NO_AUTO_VALUE_ON_ZERO";
START TRANSACTION;
SET time_zone = "+00:00";


/*!40101 SET @OLD_CHARACTER_SET_CLIENT=@@CHARACTER_SET_CLIENT */;
/*!40101 SET @OLD_CHARACTER_SET_RESULTS=@@CHARACTER_SET_RESULTS */;
/*!40101 SET @OLD_COLLATION_CONNECTION=@@COLLATION_CONNECTION */;
/*!40101 SET NAMES utf8mb4 */;

--
-- Base de datos: `sena`
--

-- --------------------------------------------------------

--
-- Estructura de tabla para la tabla `aprendices`
--

CREATE TABLE `aprendices` (
  `idAprendiz` int(11) NOT NULL,
  `idTipoVinculacion` int(11) DEFAULT NULL,
  `nombreCompleto` varchar(50) COLLATE utf8_spanish2_ci DEFAULT NULL,
  `idTipoIdentificacion` int(11) DEFAULT NULL,
  `identificacion` varchar(50) COLLATE utf8_spanish2_ci DEFAULT NULL,
  `email` varchar(50) COLLATE utf8_spanish2_ci DEFAULT NULL,
  `telefonoPersonal` varchar(50) COLLATE utf8_spanish2_ci DEFAULT NULL,
  `telefonoAcudiente` varchar(50) COLLATE utf8_spanish2_ci DEFAULT NULL,
  `fechaNacimiento` date DEFAULT NULL,
  `idTipoGenero` int(11) DEFAULT NULL,
  `direccionResidencia` varchar(50) COLLATE utf8_spanish2_ci DEFAULT NULL,
  `idMunicipio` int(4) UNSIGNED DEFAULT NULL,
  `idDepartamento` int(3) UNSIGNED DEFAULT NULL,
  `idCentroFormacion` int(11) DEFAULT NULL,
  `idFichaFormacion` int(11) DEFAULT NULL,
  `estado` tinyint(4) DEFAULT 1,
  `auditoria` datetime DEFAULT current_timestamp() ON UPDATE current_timestamp()
) ENGINE=InnoDB DEFAULT CHARSET=utf8 COLLATE=utf8_spanish2_ci;

--
-- Volcado de datos para la tabla `aprendices`
--

INSERT INTO `aprendices` (`idAprendiz`, `idTipoVinculacion`, `nombreCompleto`, `idTipoIdentificacion`, `identificacion`, `email`, `telefonoPersonal`, `telefonoAcudiente`, `fechaNacimiento`, `idTipoGenero`, `direccionResidencia`, `idMunicipio`, `idDepartamento`, `idCentroFormacion`, `idFichaFormacion`, `estado`, `auditoria`) VALUES
(5, 11, 'Hernán Arango Isaza', 2, '75068986', 'hernanarangoisaza@gmail.com', '3006137257', '3186801552', '1972-12-01', 1, 'Cra 31#84-20', 10, 52, 3, 1, 0, '0000-00-00 00:00:00'),
(7, 3, 'Hernán Arango Isaza', 2, '75068986', 'hernanarangoisaza@gmail.com', '3006137257', '3186801552', '1972-12-01', 1, 'Cra 31#84-20', 18, 68, 2, 1, 0, '2020-11-30 14:08:58'),
(8, 4, 'Hernán Arango Isaza', 5, '75068986', 'hernanarangoisaza@gmail.com', '3006137257', '3186801552', '1972-12-01', 2, 'Cra 31#84-20', 223, 54, 1, 1, 0, '2020-11-30 14:09:13'),
(9, 1, 'Hernán Arango Isazas', 1, '75068986', 'hernanarangoisaza@gmail.com', '3006137257', '3186801552', '1972-12-01', 1, 'Cra 31#84-20', 6, 47, 1, 1, 0, '2020-12-03 15:32:52'),
(10, 8, '10 Hernán Arango Isaza', 1, '75068986', 'hernanarangoisaza@gmail.com', '3006137257', '3186801552', '1972-12-01', 2, 'Cra 31#84-20', 304, 27, 3, 1, 0, '2020-12-02 10:16:11');

-- --------------------------------------------------------

--
-- Estructura de tabla para la tabla `centros_formacion`
--

CREATE TABLE `centros_formacion` (
  `idCentroFormacion` int(11) NOT NULL,
  `nombreLargoCentroFormacion` varchar(75) COLLATE utf8_spanish2_ci DEFAULT NULL,
  `nombreCorto` varchar(50) COLLATE utf8_spanish2_ci DEFAULT NULL,
  `direccion` varchar(50) COLLATE utf8_spanish2_ci DEFAULT NULL,
  `idMunicipio` int(4) UNSIGNED DEFAULT NULL,
  `idDepartamento` int(3) UNSIGNED DEFAULT NULL,
  `telefono1` varchar(50) COLLATE utf8_spanish2_ci DEFAULT NULL,
  `telefono2` varchar(50) COLLATE utf8_spanish2_ci DEFAULT NULL,
  `emailContacto1` varchar(50) COLLATE utf8_spanish2_ci DEFAULT NULL,
  `emailContacto2` varchar(50) COLLATE utf8_spanish2_ci DEFAULT NULL,
  `estado` tinyint(4) DEFAULT 1,
  `auditoria` datetime DEFAULT current_timestamp() ON UPDATE current_timestamp()
) ENGINE=InnoDB DEFAULT CHARSET=utf8 COLLATE=utf8_spanish2_ci;

--
-- Volcado de datos para la tabla `centros_formacion`
--

INSERT INTO `centros_formacion` (`idCentroFormacion`, `nombreLargoCentroFormacion`, `nombreCorto`, `direccion`, `idMunicipio`, `idDepartamento`, `telefono1`, `telefono2`, `emailContacto1`, `emailContacto2`, `estado`, `auditoria`) VALUES
(1, 'Centro Atención al Sector Agropecuario', 'AGROPECUARIO', 'ddddddddddd', 640, 25, '111', '222', 'email1@correo.com', 'email2@correo.com', 1, '2020-12-01 21:29:29'),
(2, 'Centro de Diseño e Innovación Tecnológica e Industrial', 'CDITI', 'fffffffffff', 657, 66, '333', '444', 'email1@correo.com', 'email2@correo.com', 1, '2020-12-01 21:29:32'),
(3, 'Centro de Comercio y Servicios', 'COMERCIO', 'ghhhhhhhhhhhhhhhh', 657, 66, '555', '666', 'email1@correo.com', 'email2@correo.com', 1, '2020-12-01 21:29:34'),
(4, 'Sede Tecnoacademia Centro Comercio de Dosquebradas', 'TECNOACADEMIA', 'jjjjjjjjjjjj', 657, 66, '777', '888', 'email1@correo.com', 'email2@correo.com', 1, '2020-12-01 21:29:36'),
(5, '', '', '', 1, 5, '', '', '', '', 0, '2020-12-03 13:58:47'),
(6, '', '', '', 1, 50, '', '', '', '', 0, '2020-12-03 14:25:54');

-- --------------------------------------------------------

--
-- Estructura de tabla para la tabla `departamentos`
--

CREATE TABLE `departamentos` (
  `idDepartamento` int(3) UNSIGNED NOT NULL,
  `codigoDepartamento` int(3) DEFAULT NULL,
  `departamento` varchar(255) DEFAULT NULL,
  `estado` tinyint(4) DEFAULT 1,
  `auditoria` datetime DEFAULT current_timestamp() ON UPDATE current_timestamp()
) ENGINE=InnoDB DEFAULT CHARSET=utf8mb4;

--
-- Volcado de datos para la tabla `departamentos`
--

INSERT INTO `departamentos` (`idDepartamento`, `codigoDepartamento`, `departamento`, `estado`, `auditoria`) VALUES
(5, 5, 'Antioquia', 1, '2020-12-03 15:26:45'),
(8, 8, 'Atlántico', 1, '2020-12-03 15:26:45'),
(11, 11, 'Bogotá, D.C.', 1, '2020-12-03 15:26:45'),
(13, 13, 'Bolívar', 1, '2020-12-03 15:26:45'),
(15, 15, 'Boyacá', 1, '2020-12-03 15:26:45'),
(17, 17, 'Caldas', 1, '2020-12-03 15:26:45'),
(18, 18, 'Caquetá', 1, '2020-12-03 15:26:45'),
(19, 19, 'Cauca', 1, '2020-12-03 15:26:45'),
(20, 20, 'Cesar', 1, '2020-12-03 15:26:45'),
(23, 23, 'Córdoba', 1, '2020-12-03 15:26:45'),
(25, 25, 'Cundinamarca', 1, '2020-12-03 15:26:45'),
(27, 27, 'Chocó', 1, '2020-12-03 15:26:45'),
(41, 41, 'Huila', 1, '2020-12-03 15:26:45'),
(44, 44, 'La Guajira', 1, '2020-12-03 15:26:45'),
(47, 47, 'Magdalena', 1, '2020-12-03 15:26:45'),
(50, 50, 'Meta', 1, '2020-12-03 15:26:45'),
(52, 52, 'Nariño', 1, '2020-12-03 15:26:45'),
(54, 54, 'Norte de Santander', 1, '2020-12-03 15:26:45'),
(63, 63, 'Quindío', 1, '2020-12-03 15:26:45'),
(66, 66, 'Risaralda', 1, '2020-12-03 15:26:45'),
(68, 68, 'Santander', 1, '2020-12-03 15:26:45'),
(70, 70, 'Sucre', 1, '2020-12-03 15:26:45'),
(73, 73, 'Tolima', 1, '2020-12-03 15:26:45'),
(76, 76, 'Valle del Cauca', 1, '2020-12-03 15:26:45'),
(81, 81, 'Arauca', 1, '2020-12-03 15:26:45'),
(85, 85, 'Casanare', 1, '2020-12-03 15:26:45'),
(86, 86, 'Putumayo', 1, '2020-12-03 15:26:45'),
(88, 88, 'Archipiélago de San Andrés, Providencia y Santa Catalina', 1, '2020-12-03 15:26:45'),
(91, 91, 'Amazonas', 1, '2020-12-03 15:26:45'),
(94, 94, 'Guainía', 1, '2020-12-03 15:26:45'),
(95, 95, 'Guaviare', 1, '2020-12-03 15:26:45'),
(97, 97, 'Vaupés', 1, '2020-12-03 15:26:45'),
(99, 99, 'Vichada', 1, '2020-12-03 15:26:45'),
(100, 321, 'yo', 0, '2020-12-03 15:46:03'),
(101, 989, 'prueba', 0, '2020-12-03 20:16:37');

-- --------------------------------------------------------

--
-- Estructura de tabla para la tabla `encuesta_signos`
--

CREATE TABLE `encuesta_signos` (
  `idEncuesta` int(11) NOT NULL,
  `idAprendiz` int(11) DEFAULT NULL,
  `fechaHoraDiligenciamiento` datetime NOT NULL DEFAULT current_timestamp(),
  `idSedeIngreso` int(11) DEFAULT NULL,
  `idHorario` int(11) DEFAULT NULL,
  `aceptacionConsideraciones` tinyint(1) NOT NULL DEFAULT -1,
  `autorizacionTratamientoDatos` tinyint(1) NOT NULL DEFAULT -1,
  `autorizacionIngreso` tinyint(1) NOT NULL DEFAULT -1,
  `observacionAdicional` text COLLATE utf8_spanish2_ci DEFAULT NULL,
  `aceptacionRespuestaPositiva` tinyint(1) NOT NULL DEFAULT -1,
  `estado` tinyint(4) NOT NULL DEFAULT 1,
  `auditoria` datetime NOT NULL DEFAULT current_timestamp() ON UPDATE current_timestamp()
) ENGINE=InnoDB DEFAULT CHARSET=utf8 COLLATE=utf8_spanish2_ci;

--
-- Volcado de datos para la tabla `encuesta_signos`
--

INSERT INTO `encuesta_signos` (`idEncuesta`, `idAprendiz`, `fechaHoraDiligenciamiento`, `idSedeIngreso`, `idHorario`, `aceptacionConsideraciones`, `autorizacionTratamientoDatos`, `autorizacionIngreso`, `observacionAdicional`, `aceptacionRespuestaPositiva`, `estado`, `auditoria`) VALUES
(1, 7, '2020-12-01 19:39:57', 2, 8, 1, 0, 1, 'Lorem ipsum dolor sit amet, consectetur adipiscing elit, sed do eiusmod tempor incididunt ut labore et dolore magna aliqua. Ut enim ad minim veniam, quis nostrud exercitation ullamco laboris nisi ut aliquip ex ea commodo consequat. Duis aute irure dolor in reprehenderit in voluptate velit esse cillum dolore eu fugiat nulla pariatur. Excepteur sint occaecat cupidatat non proident, sunt in culpa qui officia deserunt mollit anim id est laborum.', 1, 1, '2020-12-02 12:53:10'),
(2, 10, '2020-12-02 09:47:33', 2, 8, -1, 1, 0, 'nota de observaciones', 1, 0, '2020-12-02 12:45:39'),
(3, 10, '2020-12-02 12:36:31', 4, 5, 0, 1, 0, 'ninguna observacion', -1, 1, '2020-12-03 04:49:59'),
(5, 5, '2020-12-02 13:04:12', 1, 1, 0, 0, 1, 'aaaaaaaaaaa', 0, 0, '2020-12-02 13:04:37'),
(6, 5, '2020-12-02 13:06:03', 1, 1, 0, 0, 0, 'qqqqqqqqqqqqqqqqq', 0, 0, '2020-12-02 13:06:16'),
(7, 5, '2020-12-02 13:07:54', 1, 1, -1, -1, 1, 'qaaaaaaaaaaaassssssssssssssssssss\r\nghfgh\r\ngh\r\nfgh\r\nfgf', 1, 0, '2020-12-02 14:52:46'),
(8, 5, '2020-12-02 16:27:08', 1, 1, -1, -1, -1, '', -1, 0, '2020-12-02 16:27:08'),
(9, 5, '2020-12-02 16:27:11', 1, 1, -1, -1, -1, '', -1, 0, '2020-12-02 16:27:11'),
(10, 5, '2020-12-02 16:27:18', 1, 1, -1, -1, -1, '', -1, 0, '2020-12-02 16:27:18'),
(11, 5, '2020-12-02 16:27:21', 1, 1, -1, -1, -1, '', -1, 0, '2020-12-02 16:27:21'),
(12, 5, '2020-12-02 16:27:24', 1, 1, -1, -1, -1, '', -1, 0, '2020-12-02 16:27:24'),
(13, 5, '2020-12-02 16:29:05', 1, 1, -1, -1, -1, '', -1, 0, '2020-12-02 16:29:05'),
(14, 5, '2020-12-02 16:29:09', 1, 1, -1, -1, -1, '', -1, 0, '2020-12-02 16:29:09'),
(15, 5, '2020-12-02 16:29:18', 1, 1, -1, -1, -1, '', -1, 0, '2020-12-02 16:29:18'),
(16, 5, '2020-12-02 16:31:39', 1, 1, -1, -1, -1, '', -1, 0, '2020-12-02 16:31:39');

-- --------------------------------------------------------

--
-- Estructura de tabla para la tabla `fichas_formacion`
--

CREATE TABLE `fichas_formacion` (
  `idFichaFormacion` int(11) NOT NULL,
  `codigoFichaFormacion` varchar(50) COLLATE utf8_spanish2_ci DEFAULT NULL,
  `idProgramaFormacion` int(11) DEFAULT NULL,
  `estado` tinyint(4) NOT NULL DEFAULT 1,
  `auditoria` datetime NOT NULL DEFAULT current_timestamp() ON UPDATE current_timestamp()
) ENGINE=InnoDB DEFAULT CHARSET=utf8 COLLATE=utf8_spanish2_ci ROW_FORMAT=DYNAMIC;

--
-- Volcado de datos para la tabla `fichas_formacion`
--

INSERT INTO `fichas_formacion` (`idFichaFormacion`, `codigoFichaFormacion`, `idProgramaFormacion`, `estado`, `auditoria`) VALUES
(1, '1752586', 4, 1, '2020-12-01 21:13:12');

-- --------------------------------------------------------

--
-- Estructura de tabla para la tabla `horarios`
--

CREATE TABLE `horarios` (
  `idHorario` int(11) NOT NULL,
  `horaInicial` time DEFAULT NULL,
  `horaFinal` time DEFAULT NULL,
  `nombreCorto` varchar(50) COLLATE utf8_spanish2_ci DEFAULT NULL,
  `estado` tinyint(4) DEFAULT 1,
  `auditoria` datetime DEFAULT current_timestamp() ON UPDATE current_timestamp()
) ENGINE=InnoDB DEFAULT CHARSET=utf8 COLLATE=utf8_spanish2_ci;

--
-- Volcado de datos para la tabla `horarios`
--

INSERT INTO `horarios` (`idHorario`, `horaInicial`, `horaFinal`, `nombreCorto`, `estado`, `auditoria`) VALUES
(1, '07:00:00', '09:00:00', '7 - 9', 1, '2020-12-01 20:57:46'),
(2, '07:00:00', '11:00:00', '7 - 11', 1, '2020-12-01 20:58:07'),
(3, '08:00:00', '12:00:00', '8 - 12', 1, '2020-12-01 20:58:30'),
(4, '09:00:00', '12:00:00', '9 - 12', 1, '2020-12-01 20:58:54'),
(5, '10:00:00', '12:00:00', '10 - 12', 1, '2020-12-01 20:59:22'),
(6, '11:00:00', '13:00:00', '11 - 1', 1, '2020-12-01 20:59:57'),
(7, '12:00:00', '16:00:00', '12 - 4', 1, '2020-12-01 21:00:05'),
(8, '14:00:00', '16:00:00', '2 - 4', 1, '2020-12-01 21:00:28'),
(9, '15:00:00', '17:00:00', '3 - 5', 1, '2020-12-01 21:01:09'),
(10, '17:00:00', '19:00:00', '5 - 7', 1, '2020-12-01 21:01:27'),
(11, '19:00:00', '21:00:00', '7 - 9', 1, '2020-12-01 21:01:43'),
(12, '20:00:00', '22:00:00', '8 - 10', 1, '2020-12-01 21:02:01');

-- --------------------------------------------------------

--
-- Estructura de tabla para la tabla `municipios`
--

CREATE TABLE `municipios` (
  `idMunicipio` int(4) UNSIGNED NOT NULL,
  `municipio` varchar(255) DEFAULT NULL,
  `idDepartamento` int(3) UNSIGNED NOT NULL,
  `estado` tinyint(4) UNSIGNED NOT NULL DEFAULT 1,
  `auditoria` datetime DEFAULT current_timestamp() ON UPDATE current_timestamp()
) ENGINE=InnoDB DEFAULT CHARSET=utf8mb4;

--
-- Volcado de datos para la tabla `municipios`
--

INSERT INTO `municipios` (`idMunicipio`, `municipio`, `idDepartamento`, `estado`, `auditoria`) VALUES
(1, 'Abriaquí', 5, 1, '2020-11-19 16:55:30'),
(2, 'Acacías', 50, 1, '2020-11-19 16:55:30'),
(3, 'Acandí', 27, 1, '2020-11-19 16:55:30'),
(4, 'Acevedo', 41, 1, '2020-11-19 16:55:30'),
(5, 'Achí', 13, 1, '2020-11-19 16:55:30'),
(6, 'Agrado', 41, 1, '2020-11-19 16:55:30'),
(7, 'Agua de Dios', 25, 1, '2020-11-19 16:55:30'),
(8, 'Aguachica', 20, 1, '2020-11-19 16:55:30'),
(9, 'Aguada', 68, 1, '2020-11-19 16:55:30'),
(10, 'Aguadas', 17, 1, '2020-11-19 16:55:30'),
(11, 'Aguazul', 85, 1, '2020-11-19 16:55:30'),
(12, 'Agustín Codazzi', 20, 1, '2020-11-19 16:55:30'),
(13, 'Aipe', 41, 1, '2020-11-19 16:55:30'),
(14, 'Albania', 18, 1, '2020-11-19 16:55:30'),
(15, 'Albania', 44, 1, '2020-11-19 16:55:30'),
(16, 'Albania', 68, 1, '2020-11-19 16:55:30'),
(17, 'Albán', 25, 1, '2020-11-19 16:55:30'),
(18, 'Albán (San José)', 52, 1, '2020-11-19 16:55:30'),
(19, 'Alcalá', 76, 1, '2020-11-19 16:55:30'),
(20, 'Alejandria', 5, 1, '2020-11-19 16:55:30'),
(21, 'Algarrobo', 47, 1, '2020-11-19 16:55:30'),
(22, 'Algeciras', 41, 1, '2020-11-19 16:55:30'),
(23, 'Almaguer', 19, 1, '2020-11-19 16:55:30'),
(24, 'Almeida', 15, 1, '2020-11-19 16:55:30'),
(25, 'Alpujarra', 73, 1, '2020-11-19 16:55:30'),
(26, 'Altamira', 41, 1, '2020-11-19 16:55:30'),
(27, 'Alto Baudó (Pie de Pato)', 27, 1, '2020-11-19 16:55:30'),
(28, 'Altos del Rosario', 13, 1, '2020-11-19 16:55:30'),
(29, 'Alvarado', 73, 1, '2020-11-19 16:55:30'),
(30, 'Amagá', 5, 1, '2020-11-19 16:55:30'),
(31, 'Amalfi', 5, 1, '2020-11-19 16:55:30'),
(32, 'Ambalema', 73, 1, '2020-11-19 16:55:30'),
(33, 'Anapoima', 25, 1, '2020-11-19 16:55:30'),
(34, 'Ancuya', 52, 1, '2020-11-19 16:55:30'),
(35, 'Andalucía', 76, 1, '2020-11-19 16:55:30'),
(36, 'Andes', 5, 1, '2020-11-19 16:55:30'),
(37, 'Angelópolis', 5, 1, '2020-11-19 16:55:30'),
(38, 'Angostura', 5, 1, '2020-11-19 16:55:30'),
(39, 'Anolaima', 25, 1, '2020-11-19 16:55:30'),
(40, 'Anorí', 5, 1, '2020-11-19 16:55:30'),
(41, 'Anserma', 17, 1, '2020-11-19 16:55:30'),
(42, 'Ansermanuevo', 76, 1, '2020-11-19 16:55:30'),
(43, 'Anzoátegui', 73, 1, '2020-11-19 16:55:30'),
(44, 'Anzá', 5, 1, '2020-11-19 16:55:30'),
(45, 'Apartadó', 5, 1, '2020-11-19 16:55:30'),
(46, 'Apulo', 25, 1, '2020-11-19 16:55:30'),
(47, 'Apía', 66, 1, '2020-11-19 16:55:30'),
(48, 'Aquitania', 15, 1, '2020-11-19 16:55:30'),
(49, 'Aracataca', 47, 1, '2020-11-19 16:55:30'),
(50, 'Aranzazu', 17, 1, '2020-11-19 16:55:30'),
(51, 'Aratoca', 68, 1, '2020-11-19 16:55:30'),
(52, 'Arauca', 81, 1, '2020-11-19 16:55:30'),
(53, 'Arauquita', 81, 1, '2020-11-19 16:55:30'),
(54, 'Arbeláez', 25, 1, '2020-11-19 16:55:30'),
(55, 'Arboleda (Berruecos)', 52, 1, '2020-11-19 16:55:30'),
(56, 'Arboledas', 54, 1, '2020-11-19 16:55:30'),
(57, 'Arboletes', 5, 1, '2020-11-19 16:55:30'),
(58, 'Arcabuco', 15, 1, '2020-11-19 16:55:30'),
(59, 'Arenal', 13, 1, '2020-11-19 16:55:30'),
(60, 'Argelia', 5, 1, '2020-11-19 16:55:30'),
(61, 'Argelia', 19, 1, '2020-11-19 16:55:30'),
(62, 'Argelia', 76, 1, '2020-11-19 16:55:30'),
(63, 'Ariguaní (El Difícil)', 47, 1, '2020-11-19 16:55:30'),
(64, 'Arjona', 13, 1, '2020-11-19 16:55:30'),
(65, 'Armenia', 5, 1, '2020-11-19 16:55:30'),
(66, 'Armenia', 63, 1, '2020-11-19 16:55:30'),
(67, 'Armero (Guayabal)', 73, 1, '2020-11-19 16:55:30'),
(68, 'Arroyohondo', 13, 1, '2020-11-19 16:55:30'),
(69, 'Astrea', 20, 1, '2020-11-19 16:55:30'),
(70, 'Ataco', 73, 1, '2020-11-19 16:55:30'),
(71, 'Atrato (Yuto)', 27, 1, '2020-11-19 16:55:30'),
(72, 'Ayapel', 23, 1, '2020-11-19 16:55:30'),
(73, 'Bagadó', 27, 1, '2020-11-19 16:55:30'),
(74, 'Bahía Solano (Mútis)', 27, 1, '2020-11-19 16:55:30'),
(75, 'Bajo Baudó (Pizarro)', 27, 1, '2020-11-19 16:55:30'),
(76, 'Balboa', 19, 1, '2020-11-19 16:55:30'),
(77, 'Balboa', 66, 1, '2020-11-19 16:55:30'),
(78, 'Baranoa', 8, 1, '2020-11-19 16:55:30'),
(79, 'Baraya', 41, 1, '2020-11-19 16:55:30'),
(80, 'Barbacoas', 52, 1, '2020-11-19 16:55:30'),
(81, 'Barbosa', 5, 1, '2020-11-19 16:55:30'),
(82, 'Barbosa', 68, 1, '2020-11-19 16:55:30'),
(83, 'Barichara', 68, 1, '2020-11-19 16:55:30'),
(84, 'Barranca de Upía', 50, 1, '2020-11-19 16:55:30'),
(85, 'Barrancabermeja', 68, 1, '2020-11-19 16:55:30'),
(86, 'Barrancas', 44, 1, '2020-11-19 16:55:30'),
(87, 'Barranco de Loba', 13, 1, '2020-11-19 16:55:30'),
(88, 'Barranquilla', 8, 1, '2020-11-19 16:55:30'),
(89, 'Becerríl', 20, 1, '2020-11-19 16:55:30'),
(90, 'Belalcázar', 17, 1, '2020-11-19 16:55:30'),
(91, 'Bello', 5, 1, '2020-11-19 16:55:30'),
(92, 'Belmira', 5, 1, '2020-11-19 16:55:30'),
(93, 'Beltrán', 25, 1, '2020-11-19 16:55:30'),
(94, 'Belén', 15, 1, '2020-11-19 16:55:30'),
(95, 'Belén', 52, 1, '2020-11-19 16:55:30'),
(96, 'Belén de Bajirá', 27, 1, '2020-11-19 16:55:30'),
(97, 'Belén de Umbría', 66, 1, '2020-11-19 16:55:30'),
(98, 'Belén de los Andaquíes', 18, 1, '2020-11-19 16:55:30'),
(99, 'Berbeo', 15, 1, '2020-11-19 16:55:30'),
(100, 'Betania', 5, 1, '2020-11-19 16:55:30'),
(101, 'Beteitiva', 15, 1, '2020-11-19 16:55:30'),
(102, 'Betulia', 5, 1, '2020-11-19 16:55:30'),
(103, 'Betulia', 68, 1, '2020-11-19 16:55:30'),
(104, 'Bituima', 25, 1, '2020-11-19 16:55:30'),
(105, 'Boavita', 15, 1, '2020-11-19 16:55:30'),
(106, 'Bochalema', 54, 1, '2020-11-19 16:55:30'),
(107, 'Bogotá D.C.', 11, 1, '2020-11-19 16:55:30'),
(108, 'Bojacá', 25, 1, '2020-11-19 16:55:30'),
(109, 'Bojayá (Bellavista)', 27, 1, '2020-11-19 16:55:30'),
(110, 'Bolívar', 5, 1, '2020-11-19 16:55:30'),
(111, 'Bolívar', 19, 1, '2020-11-19 16:55:30'),
(112, 'Bolívar', 68, 1, '2020-11-19 16:55:30'),
(113, 'Bolívar', 76, 1, '2020-11-19 16:55:30'),
(114, 'Bosconia', 20, 1, '2020-11-19 16:55:30'),
(115, 'Boyacá', 15, 1, '2020-11-19 16:55:30'),
(116, 'Briceño', 5, 1, '2020-11-19 16:55:30'),
(117, 'Briceño', 15, 1, '2020-11-19 16:55:30'),
(118, 'Bucaramanga', 68, 1, '2020-11-19 16:55:30'),
(119, 'Bucarasica', 54, 1, '2020-11-19 16:55:30'),
(120, 'Buenaventura', 76, 1, '2020-11-19 16:55:30'),
(121, 'Buenavista', 15, 1, '2020-11-19 16:55:30'),
(122, 'Buenavista', 23, 1, '2020-11-19 16:55:30'),
(123, 'Buenavista', 63, 1, '2020-11-19 16:55:30'),
(124, 'Buenavista', 70, 1, '2020-11-19 16:55:30'),
(125, 'Buenos Aires', 19, 1, '2020-11-19 16:55:30'),
(126, 'Buesaco', 52, 1, '2020-11-19 16:55:30'),
(127, 'Buga', 76, 1, '2020-11-19 16:55:30'),
(128, 'Bugalagrande', 76, 1, '2020-11-19 16:55:30'),
(129, 'Burítica', 5, 1, '2020-11-19 16:55:30'),
(130, 'Busbanza', 15, 1, '2020-11-19 16:55:30'),
(131, 'Cabrera', 25, 1, '2020-11-19 16:55:30'),
(132, 'Cabrera', 68, 1, '2020-11-19 16:55:30'),
(133, 'Cabuyaro', 50, 1, '2020-11-19 16:55:30'),
(134, 'Cachipay', 25, 1, '2020-11-19 16:55:30'),
(135, 'Caicedo', 5, 1, '2020-11-19 16:55:30'),
(136, 'Caicedonia', 76, 1, '2020-11-19 16:55:30'),
(137, 'Caimito', 70, 1, '2020-11-19 16:55:30'),
(138, 'Cajamarca', 73, 1, '2020-11-19 16:55:30'),
(139, 'Cajibío', 19, 1, '2020-11-19 16:55:30'),
(140, 'Cajicá', 25, 1, '2020-11-19 16:55:30'),
(141, 'Calamar', 13, 1, '2020-11-19 16:55:30'),
(142, 'Calamar', 95, 1, '2020-11-19 16:55:30'),
(143, 'Calarcá', 63, 1, '2020-11-19 16:55:30'),
(144, 'Caldas', 5, 1, '2020-11-19 16:55:30'),
(145, 'Caldas', 15, 1, '2020-11-19 16:55:30'),
(146, 'Caldono', 19, 1, '2020-11-19 16:55:30'),
(147, 'California', 68, 1, '2020-11-19 16:55:30'),
(148, 'Calima (Darién)', 76, 1, '2020-11-19 16:55:30'),
(149, 'Caloto', 19, 1, '2020-11-19 16:55:30'),
(150, 'Calí', 76, 1, '2020-11-19 16:55:30'),
(151, 'Campamento', 5, 1, '2020-11-19 16:55:30'),
(152, 'Campo de la Cruz', 8, 1, '2020-11-19 16:55:30'),
(153, 'Campoalegre', 41, 1, '2020-11-19 16:55:30'),
(154, 'Campohermoso', 15, 1, '2020-11-19 16:55:30'),
(155, 'Canalete', 23, 1, '2020-11-19 16:55:30'),
(156, 'Candelaria', 8, 1, '2020-11-19 16:55:30'),
(157, 'Candelaria', 76, 1, '2020-11-19 16:55:30'),
(158, 'Cantagallo', 13, 1, '2020-11-19 16:55:30'),
(159, 'Cantón de San Pablo', 27, 1, '2020-11-19 16:55:30'),
(160, 'Caparrapí', 25, 1, '2020-11-19 16:55:30'),
(161, 'Capitanejo', 68, 1, '2020-11-19 16:55:30'),
(162, 'Caracolí', 5, 1, '2020-11-19 16:55:30'),
(163, 'Caramanta', 5, 1, '2020-11-19 16:55:30'),
(164, 'Carcasí', 68, 1, '2020-11-19 16:55:30'),
(165, 'Carepa', 5, 1, '2020-11-19 16:55:30'),
(166, 'Carmen de Apicalá', 73, 1, '2020-11-19 16:55:30'),
(167, 'Carmen de Carupa', 25, 1, '2020-11-19 16:55:30'),
(168, 'Carmen de Viboral', 5, 1, '2020-11-19 16:55:30'),
(169, 'Carmen del Darién (CURBARADÓ)', 27, 1, '2020-11-19 16:55:30'),
(170, 'Carolina', 5, 1, '2020-11-19 16:55:30'),
(171, 'Cartagena', 13, 1, '2020-11-19 16:55:30'),
(172, 'Cartagena del Chairá', 18, 1, '2020-11-19 16:55:30'),
(173, 'Cartago', 76, 1, '2020-11-19 16:55:30'),
(174, 'Carurú', 97, 1, '2020-11-19 16:55:30'),
(175, 'Casabianca', 73, 1, '2020-11-19 16:55:30'),
(176, 'Castilla la Nueva', 50, 1, '2020-11-19 16:55:30'),
(177, 'Caucasia', 5, 1, '2020-11-19 16:55:30'),
(178, 'Cañasgordas', 5, 1, '2020-11-19 16:55:30'),
(179, 'Cepita', 68, 1, '2020-11-19 16:55:30'),
(180, 'Cereté', 23, 1, '2020-11-19 16:55:30'),
(181, 'Cerinza', 15, 1, '2020-11-19 16:55:30'),
(182, 'Cerrito', 68, 1, '2020-11-19 16:55:30'),
(183, 'Cerro San Antonio', 47, 1, '2020-11-19 16:55:30'),
(184, 'Chachaguí', 52, 1, '2020-11-19 16:55:30'),
(185, 'Chaguaní', 25, 1, '2020-11-19 16:55:30'),
(186, 'Chalán', 70, 1, '2020-11-19 16:55:30'),
(187, 'Chaparral', 73, 1, '2020-11-19 16:55:30'),
(188, 'Charalá', 68, 1, '2020-11-19 16:55:30'),
(189, 'Charta', 68, 1, '2020-11-19 16:55:30'),
(190, 'Chigorodó', 5, 1, '2020-11-19 16:55:30'),
(191, 'Chima', 68, 1, '2020-11-19 16:55:30'),
(192, 'Chimichagua', 20, 1, '2020-11-19 16:55:30'),
(193, 'Chimá', 23, 1, '2020-11-19 16:55:30'),
(194, 'Chinavita', 15, 1, '2020-11-19 16:55:30'),
(195, 'Chinchiná', 17, 1, '2020-11-19 16:55:30'),
(196, 'Chinácota', 54, 1, '2020-11-19 16:55:30'),
(197, 'Chinú', 23, 1, '2020-11-19 16:55:30'),
(198, 'Chipaque', 25, 1, '2020-11-19 16:55:30'),
(199, 'Chipatá', 68, 1, '2020-11-19 16:55:30'),
(200, 'Chiquinquirá', 15, 1, '2020-11-19 16:55:30'),
(201, 'Chiriguaná', 20, 1, '2020-11-19 16:55:30'),
(202, 'Chiscas', 15, 1, '2020-11-19 16:55:30'),
(203, 'Chita', 15, 1, '2020-11-19 16:55:30'),
(204, 'Chitagá', 54, 1, '2020-11-19 16:55:30'),
(205, 'Chitaraque', 15, 1, '2020-11-19 16:55:30'),
(206, 'Chivatá', 15, 1, '2020-11-19 16:55:30'),
(207, 'Chivolo', 47, 1, '2020-11-19 16:55:30'),
(208, 'Choachí', 25, 1, '2020-11-19 16:55:30'),
(209, 'Chocontá', 25, 1, '2020-11-19 16:55:30'),
(210, 'Chámeza', 85, 1, '2020-11-19 16:55:30'),
(211, 'Chía', 25, 1, '2020-11-19 16:55:30'),
(212, 'Chíquiza', 15, 1, '2020-11-19 16:55:30'),
(213, 'Chívor', 15, 1, '2020-11-19 16:55:30'),
(214, 'Cicuco', 13, 1, '2020-11-19 16:55:30'),
(215, 'Cimitarra', 68, 1, '2020-11-19 16:55:30'),
(216, 'Circasia', 63, 1, '2020-11-19 16:55:30'),
(217, 'Cisneros', 5, 1, '2020-11-19 16:55:30'),
(218, 'Ciénaga', 15, 1, '2020-11-19 16:55:30'),
(219, 'Ciénaga', 47, 1, '2020-11-19 16:55:30'),
(220, 'Ciénaga de Oro', 23, 1, '2020-11-19 16:55:30'),
(221, 'Clemencia', 13, 1, '2020-11-19 16:55:30'),
(222, 'Cocorná', 5, 1, '2020-11-19 16:55:30'),
(223, 'Coello', 73, 1, '2020-11-19 16:55:30'),
(224, 'Cogua', 25, 1, '2020-11-19 16:55:30'),
(225, 'Colombia', 41, 1, '2020-11-19 16:55:30'),
(226, 'Colosó (Ricaurte)', 70, 1, '2020-11-19 16:55:30'),
(227, 'Colón', 86, 1, '2020-11-19 16:55:30'),
(228, 'Colón (Génova)', 52, 1, '2020-11-19 16:55:30'),
(229, 'Concepción', 5, 1, '2020-11-19 16:55:30'),
(230, 'Concepción', 68, 1, '2020-11-19 16:55:30'),
(231, 'Concordia', 5, 1, '2020-11-19 16:55:30'),
(232, 'Concordia', 47, 1, '2020-11-19 16:55:30'),
(233, 'Condoto', 27, 1, '2020-11-19 16:55:30'),
(234, 'Confines', 68, 1, '2020-11-19 16:55:30'),
(235, 'Consaca', 52, 1, '2020-11-19 16:55:30'),
(236, 'Contadero', 52, 1, '2020-11-19 16:55:30'),
(237, 'Contratación', 68, 1, '2020-11-19 16:55:30'),
(238, 'Convención', 54, 1, '2020-11-19 16:55:30'),
(239, 'Copacabana', 5, 1, '2020-11-19 16:55:30'),
(240, 'Coper', 15, 1, '2020-11-19 16:55:30'),
(241, 'Cordobá', 63, 1, '2020-11-19 16:55:30'),
(242, 'Corinto', 19, 1, '2020-11-19 16:55:30'),
(243, 'Coromoro', 68, 1, '2020-11-19 16:55:30'),
(244, 'Corozal', 70, 1, '2020-11-19 16:55:30'),
(245, 'Corrales', 15, 1, '2020-11-19 16:55:30'),
(246, 'Cota', 25, 1, '2020-11-19 16:55:30'),
(247, 'Cotorra', 23, 1, '2020-11-19 16:55:30'),
(248, 'Covarachía', 15, 1, '2020-11-19 16:55:30'),
(249, 'Coveñas', 70, 1, '2020-11-19 16:55:30'),
(250, 'Coyaima', 73, 1, '2020-11-19 16:55:30'),
(251, 'Cravo Norte', 81, 1, '2020-11-19 16:55:30'),
(252, 'Cuaspud (Carlosama)', 52, 1, '2020-11-19 16:55:30'),
(253, 'Cubarral', 50, 1, '2020-11-19 16:55:30'),
(254, 'Cubará', 15, 1, '2020-11-19 16:55:30'),
(255, 'Cucaita', 15, 1, '2020-11-19 16:55:30'),
(256, 'Cucunubá', 25, 1, '2020-11-19 16:55:30'),
(257, 'Cucutilla', 54, 1, '2020-11-19 16:55:30'),
(258, 'Cuitiva', 15, 1, '2020-11-19 16:55:30'),
(259, 'Cumaral', 50, 1, '2020-11-19 16:55:30'),
(260, 'Cumaribo', 99, 1, '2020-11-19 16:55:30'),
(261, 'Cumbal', 52, 1, '2020-11-19 16:55:30'),
(262, 'Cumbitara', 52, 1, '2020-11-19 16:55:30'),
(263, 'Cunday', 73, 1, '2020-11-19 16:55:30'),
(264, 'Curillo', 18, 1, '2020-11-19 16:55:30'),
(265, 'Curití', 68, 1, '2020-11-19 16:55:30'),
(266, 'Curumaní', 20, 1, '2020-11-19 16:55:30'),
(267, 'Cáceres', 5, 1, '2020-11-19 16:55:30'),
(268, 'Cáchira', 54, 1, '2020-11-19 16:55:30'),
(269, 'Cácota', 54, 1, '2020-11-19 16:55:30'),
(270, 'Cáqueza', 25, 1, '2020-11-19 16:55:30'),
(271, 'Cértegui', 27, 1, '2020-11-19 16:55:30'),
(272, 'Cómbita', 15, 1, '2020-11-19 16:55:30'),
(273, 'Córdoba', 13, 1, '2020-11-19 16:55:30'),
(274, 'Córdoba', 52, 1, '2020-11-19 16:55:30'),
(275, 'Cúcuta', 54, 1, '2020-11-19 16:55:30'),
(276, 'Dabeiba', 5, 1, '2020-11-19 16:55:30'),
(277, 'Dagua', 76, 1, '2020-11-19 16:55:30'),
(278, 'Dibulla', 44, 1, '2020-11-19 16:55:30'),
(279, 'Distracción', 44, 1, '2020-11-19 16:55:30'),
(280, 'Dolores', 73, 1, '2020-11-19 16:55:30'),
(281, 'Don Matías', 5, 1, '2020-11-19 16:55:30'),
(282, 'Dos Quebradas', 66, 1, '2020-11-19 16:55:30'),
(283, 'Duitama', 15, 1, '2020-11-19 16:55:30'),
(284, 'Durania', 54, 1, '2020-11-19 16:55:30'),
(285, 'Ebéjico', 5, 1, '2020-11-19 16:55:30'),
(286, 'El Bagre', 5, 1, '2020-11-19 16:55:30'),
(287, 'El Banco', 47, 1, '2020-11-19 16:55:30'),
(288, 'El Cairo', 76, 1, '2020-11-19 16:55:30'),
(289, 'El Calvario', 50, 1, '2020-11-19 16:55:30'),
(290, 'El Carmen', 54, 1, '2020-11-19 16:55:30'),
(291, 'El Carmen', 68, 1, '2020-11-19 16:55:30'),
(292, 'El Carmen de Atrato', 27, 1, '2020-11-19 16:55:30'),
(293, 'El Carmen de Bolívar', 13, 1, '2020-11-19 16:55:30'),
(294, 'El Castillo', 50, 1, '2020-11-19 16:55:30'),
(295, 'El Cerrito', 76, 1, '2020-11-19 16:55:30'),
(296, 'El Charco', 52, 1, '2020-11-19 16:55:30'),
(297, 'El Cocuy', 15, 1, '2020-11-19 16:55:30'),
(298, 'El Colegio', 25, 1, '2020-11-19 16:55:30'),
(299, 'El Copey', 20, 1, '2020-11-19 16:55:30'),
(300, 'El Doncello', 18, 1, '2020-11-19 16:55:30'),
(301, 'El Dorado', 50, 1, '2020-11-19 16:55:30'),
(302, 'El Dovio', 76, 1, '2020-11-19 16:55:30'),
(303, 'El Espino', 15, 1, '2020-11-19 16:55:30'),
(304, 'El Guacamayo', 68, 1, '2020-11-19 16:55:30'),
(305, 'El Guamo', 13, 1, '2020-11-19 16:55:30'),
(306, 'El Molino', 44, 1, '2020-11-19 16:55:30'),
(307, 'El Paso', 20, 1, '2020-11-19 16:55:30'),
(308, 'El Paujil', 18, 1, '2020-11-19 16:55:30'),
(309, 'El Peñol', 52, 1, '2020-11-19 16:55:30'),
(310, 'El Peñon', 13, 1, '2020-11-19 16:55:30'),
(311, 'El Peñon', 68, 1, '2020-11-19 16:55:30'),
(312, 'El Peñón', 25, 1, '2020-11-19 16:55:30'),
(313, 'El Piñon', 47, 1, '2020-11-19 16:55:30'),
(314, 'El Playón', 68, 1, '2020-11-19 16:55:30'),
(315, 'El Retorno', 95, 1, '2020-11-19 16:55:30'),
(316, 'El Retén', 47, 1, '2020-11-19 16:55:30'),
(317, 'El Roble', 70, 1, '2020-11-19 16:55:30'),
(318, 'El Rosal', 25, 1, '2020-11-19 16:55:30'),
(319, 'El Rosario', 52, 1, '2020-11-19 16:55:30'),
(320, 'El Tablón de Gómez', 52, 1, '2020-11-19 16:55:30'),
(321, 'El Tambo', 19, 1, '2020-11-19 16:55:30'),
(322, 'El Tambo', 52, 1, '2020-11-19 16:55:30'),
(323, 'El Tarra', 54, 1, '2020-11-19 16:55:30'),
(324, 'El Zulia', 54, 1, '2020-11-19 16:55:30'),
(325, 'El Águila', 76, 1, '2020-11-19 16:55:30'),
(326, 'Elías', 41, 1, '2020-11-19 16:55:30'),
(327, 'Encino', 68, 1, '2020-11-19 16:55:30'),
(328, 'Enciso', 68, 1, '2020-11-19 16:55:30'),
(329, 'Entrerríos', 5, 1, '2020-11-19 16:55:30'),
(330, 'Envigado', 5, 1, '2020-11-19 16:55:30'),
(331, 'Espinal', 73, 1, '2020-11-19 16:55:30'),
(332, 'Facatativá', 25, 1, '2020-11-19 16:55:30'),
(333, 'Falan', 73, 1, '2020-11-19 16:55:30'),
(334, 'Filadelfia', 17, 1, '2020-11-19 16:55:30'),
(335, 'Filandia', 63, 1, '2020-11-19 16:55:30'),
(336, 'Firavitoba', 15, 1, '2020-11-19 16:55:30'),
(337, 'Flandes', 73, 1, '2020-11-19 16:55:30'),
(338, 'Florencia', 18, 1, '2020-11-19 16:55:30'),
(339, 'Florencia', 19, 1, '2020-11-19 16:55:30'),
(340, 'Floresta', 15, 1, '2020-11-19 16:55:30'),
(341, 'Florida', 76, 1, '2020-11-19 16:55:30'),
(342, 'Floridablanca', 68, 1, '2020-11-19 16:55:30'),
(343, 'Florián', 68, 1, '2020-11-19 16:55:30'),
(344, 'Fonseca', 44, 1, '2020-11-19 16:55:30'),
(345, 'Fortúl', 81, 1, '2020-11-19 16:55:30'),
(346, 'Fosca', 25, 1, '2020-11-19 16:55:30'),
(347, 'Francisco Pizarro', 52, 1, '2020-11-19 16:55:30'),
(348, 'Fredonia', 5, 1, '2020-11-19 16:55:30'),
(349, 'Fresno', 73, 1, '2020-11-19 16:55:30'),
(350, 'Frontino', 5, 1, '2020-11-19 16:55:30'),
(351, 'Fuente de Oro', 50, 1, '2020-11-19 16:55:30'),
(352, 'Fundación', 47, 1, '2020-11-19 16:55:30'),
(353, 'Funes', 52, 1, '2020-11-19 16:55:30'),
(354, 'Funza', 25, 1, '2020-11-19 16:55:30'),
(355, 'Fusagasugá', 25, 1, '2020-11-19 16:55:30'),
(356, 'Fómeque', 25, 1, '2020-11-19 16:55:30'),
(357, 'Fúquene', 25, 1, '2020-11-19 16:55:30'),
(358, 'Gachalá', 25, 1, '2020-11-19 16:55:30'),
(359, 'Gachancipá', 25, 1, '2020-11-19 16:55:30'),
(360, 'Gachantivá', 15, 1, '2020-11-19 16:55:30'),
(361, 'Gachetá', 25, 1, '2020-11-19 16:55:30'),
(362, 'Galapa', 8, 1, '2020-11-19 16:55:30'),
(363, 'Galeras (Nueva Granada)', 70, 1, '2020-11-19 16:55:30'),
(364, 'Galán', 68, 1, '2020-11-19 16:55:30'),
(365, 'Gama', 25, 1, '2020-11-19 16:55:30'),
(366, 'Gamarra', 20, 1, '2020-11-19 16:55:30'),
(367, 'Garagoa', 15, 1, '2020-11-19 16:55:30'),
(368, 'Garzón', 41, 1, '2020-11-19 16:55:30'),
(369, 'Gigante', 41, 1, '2020-11-19 16:55:30'),
(370, 'Ginebra', 76, 1, '2020-11-19 16:55:30'),
(371, 'Giraldo', 5, 1, '2020-11-19 16:55:30'),
(372, 'Girardot', 25, 1, '2020-11-19 16:55:30'),
(373, 'Girardota', 5, 1, '2020-11-19 16:55:30'),
(374, 'Girón', 68, 1, '2020-11-19 16:55:30'),
(375, 'Gonzalez', 20, 1, '2020-11-19 16:55:30'),
(376, 'Gramalote', 54, 1, '2020-11-19 16:55:30'),
(377, 'Granada', 5, 1, '2020-11-19 16:55:30'),
(378, 'Granada', 25, 1, '2020-11-19 16:55:30'),
(379, 'Granada', 50, 1, '2020-11-19 16:55:30'),
(380, 'Guaca', 68, 1, '2020-11-19 16:55:30'),
(381, 'Guacamayas', 15, 1, '2020-11-19 16:55:30'),
(382, 'Guacarí', 76, 1, '2020-11-19 16:55:30'),
(383, 'Guachavés', 52, 1, '2020-11-19 16:55:30'),
(384, 'Guachené', 19, 1, '2020-11-19 16:55:30'),
(385, 'Guachetá', 25, 1, '2020-11-19 16:55:30'),
(386, 'Guachucal', 52, 1, '2020-11-19 16:55:30'),
(387, 'Guadalupe', 5, 1, '2020-11-19 16:55:30'),
(388, 'Guadalupe', 41, 1, '2020-11-19 16:55:30'),
(389, 'Guadalupe', 68, 1, '2020-11-19 16:55:30'),
(390, 'Guaduas', 25, 1, '2020-11-19 16:55:30'),
(391, 'Guaitarilla', 52, 1, '2020-11-19 16:55:30'),
(392, 'Gualmatán', 52, 1, '2020-11-19 16:55:30'),
(393, 'Guamal', 47, 1, '2020-11-19 16:55:30'),
(394, 'Guamal', 50, 1, '2020-11-19 16:55:30'),
(395, 'Guamo', 73, 1, '2020-11-19 16:55:30'),
(396, 'Guapota', 68, 1, '2020-11-19 16:55:30'),
(397, 'Guapí', 19, 1, '2020-11-19 16:55:30'),
(398, 'Guaranda', 70, 1, '2020-11-19 16:55:30'),
(399, 'Guarne', 5, 1, '2020-11-19 16:55:30'),
(400, 'Guasca', 25, 1, '2020-11-19 16:55:30'),
(401, 'Guatapé', 5, 1, '2020-11-19 16:55:30'),
(402, 'Guataquí', 25, 1, '2020-11-19 16:55:30'),
(403, 'Guatavita', 25, 1, '2020-11-19 16:55:30'),
(404, 'Guateque', 15, 1, '2020-11-19 16:55:30'),
(405, 'Guavatá', 68, 1, '2020-11-19 16:55:30'),
(406, 'Guayabal de Siquima', 25, 1, '2020-11-19 16:55:30'),
(407, 'Guayabetal', 25, 1, '2020-11-19 16:55:30'),
(408, 'Guayatá', 15, 1, '2020-11-19 16:55:30'),
(409, 'Guepsa', 68, 1, '2020-11-19 16:55:30'),
(410, 'Guicán', 15, 1, '2020-11-19 16:55:30'),
(411, 'Gutiérrez', 25, 1, '2020-11-19 16:55:30'),
(412, 'Guática', 66, 1, '2020-11-19 16:55:30'),
(413, 'Gámbita', 68, 1, '2020-11-19 16:55:30'),
(414, 'Gámeza', 15, 1, '2020-11-19 16:55:30'),
(415, 'Génova', 63, 1, '2020-11-19 16:55:30'),
(416, 'Gómez Plata', 5, 1, '2020-11-19 16:55:30'),
(417, 'Hacarí', 54, 1, '2020-11-19 16:55:30'),
(418, 'Hatillo de Loba', 13, 1, '2020-11-19 16:55:30'),
(419, 'Hato', 68, 1, '2020-11-19 16:55:30'),
(420, 'Hato Corozal', 85, 1, '2020-11-19 16:55:30'),
(421, 'Hatonuevo', 44, 1, '2020-11-19 16:55:30'),
(422, 'Heliconia', 5, 1, '2020-11-19 16:55:30'),
(423, 'Herrán', 54, 1, '2020-11-19 16:55:30'),
(424, 'Herveo', 73, 1, '2020-11-19 16:55:30'),
(425, 'Hispania', 5, 1, '2020-11-19 16:55:30'),
(426, 'Hobo', 41, 1, '2020-11-19 16:55:30'),
(427, 'Honda', 73, 1, '2020-11-19 16:55:30'),
(428, 'Ibagué', 73, 1, '2020-11-19 16:55:30'),
(429, 'Icononzo', 73, 1, '2020-11-19 16:55:30'),
(430, 'Iles', 52, 1, '2020-11-19 16:55:30'),
(431, 'Imúes', 52, 1, '2020-11-19 16:55:30'),
(432, 'Inzá', 19, 1, '2020-11-19 16:55:30'),
(433, 'Inírida', 94, 1, '2020-11-19 16:55:30'),
(434, 'Ipiales', 52, 1, '2020-11-19 16:55:30'),
(435, 'Isnos', 41, 1, '2020-11-19 16:55:30'),
(436, 'Istmina', 27, 1, '2020-11-19 16:55:30'),
(437, 'Itagüí', 5, 1, '2020-11-19 16:55:30'),
(438, 'Ituango', 5, 1, '2020-11-19 16:55:30'),
(439, 'Izá', 15, 1, '2020-11-19 16:55:30'),
(440, 'Jambaló', 19, 1, '2020-11-19 16:55:30'),
(441, 'Jamundí', 76, 1, '2020-11-19 16:55:30'),
(442, 'Jardín', 5, 1, '2020-11-19 16:55:30'),
(443, 'Jenesano', 15, 1, '2020-11-19 16:55:30'),
(444, 'Jericó', 5, 1, '2020-11-19 16:55:30'),
(445, 'Jericó', 15, 1, '2020-11-19 16:55:30'),
(446, 'Jerusalén', 25, 1, '2020-11-19 16:55:30'),
(447, 'Jesús María', 68, 1, '2020-11-19 16:55:30'),
(448, 'Jordán', 68, 1, '2020-11-19 16:55:30'),
(449, 'Juan de Acosta', 8, 1, '2020-11-19 16:55:30'),
(450, 'Junín', 25, 1, '2020-11-19 16:55:30'),
(451, 'Juradó', 27, 1, '2020-11-19 16:55:30'),
(452, 'La Apartada y La Frontera', 23, 1, '2020-11-19 16:55:30'),
(453, 'La Argentina', 41, 1, '2020-11-19 16:55:30'),
(454, 'La Belleza', 68, 1, '2020-11-19 16:55:30'),
(455, 'La Calera', 25, 1, '2020-11-19 16:55:30'),
(456, 'La Capilla', 15, 1, '2020-11-19 16:55:30'),
(457, 'La Ceja', 5, 1, '2020-11-19 16:55:30'),
(458, 'La Celia', 66, 1, '2020-11-19 16:55:30'),
(459, 'La Cruz', 52, 1, '2020-11-19 16:55:30'),
(460, 'La Cumbre', 76, 1, '2020-11-19 16:55:30'),
(461, 'La Dorada', 17, 1, '2020-11-19 16:55:30'),
(462, 'La Esperanza', 54, 1, '2020-11-19 16:55:30'),
(463, 'La Estrella', 5, 1, '2020-11-19 16:55:30'),
(464, 'La Florida', 52, 1, '2020-11-19 16:55:30'),
(465, 'La Gloria', 20, 1, '2020-11-19 16:55:30'),
(466, 'La Jagua de Ibirico', 20, 1, '2020-11-19 16:55:30'),
(467, 'La Jagua del Pilar', 44, 1, '2020-11-19 16:55:30'),
(468, 'La Llanada', 52, 1, '2020-11-19 16:55:30'),
(469, 'La Macarena', 50, 1, '2020-11-19 16:55:30'),
(470, 'La Merced', 17, 1, '2020-11-19 16:55:30'),
(471, 'La Mesa', 25, 1, '2020-11-19 16:55:30'),
(472, 'La Montañita', 18, 1, '2020-11-19 16:55:30'),
(473, 'La Palma', 25, 1, '2020-11-19 16:55:30'),
(474, 'La Paz', 68, 1, '2020-11-19 16:55:30'),
(475, 'La Paz (Robles)', 20, 1, '2020-11-19 16:55:30'),
(476, 'La Peña', 25, 1, '2020-11-19 16:55:30'),
(477, 'La Pintada', 5, 1, '2020-11-19 16:55:30'),
(478, 'La Plata', 41, 1, '2020-11-19 16:55:30'),
(479, 'La Playa', 54, 1, '2020-11-19 16:55:30'),
(480, 'La Primavera', 99, 1, '2020-11-19 16:55:30'),
(481, 'La Salina', 85, 1, '2020-11-19 16:55:30'),
(482, 'La Sierra', 19, 1, '2020-11-19 16:55:30'),
(483, 'La Tebaida', 63, 1, '2020-11-19 16:55:30'),
(484, 'La Tola', 52, 1, '2020-11-19 16:55:30'),
(485, 'La Unión', 5, 1, '2020-11-19 16:55:30'),
(486, 'La Unión', 52, 1, '2020-11-19 16:55:30'),
(487, 'La Unión', 70, 1, '2020-11-19 16:55:30'),
(488, 'La Unión', 76, 1, '2020-11-19 16:55:30'),
(489, 'La Uvita', 15, 1, '2020-11-19 16:55:30'),
(490, 'La Vega', 19, 1, '2020-11-19 16:55:30'),
(491, 'La Vega', 25, 1, '2020-11-19 16:55:30'),
(492, 'La Victoria', 15, 1, '2020-11-19 16:55:30'),
(493, 'La Victoria', 17, 1, '2020-11-19 16:55:30'),
(494, 'La Victoria', 76, 1, '2020-11-19 16:55:30'),
(495, 'La Virginia', 66, 1, '2020-11-19 16:55:30'),
(496, 'Labateca', 54, 1, '2020-11-19 16:55:30'),
(497, 'Labranzagrande', 15, 1, '2020-11-19 16:55:30'),
(498, 'Landázuri', 68, 1, '2020-11-19 16:55:30'),
(499, 'Lebrija', 68, 1, '2020-11-19 16:55:30'),
(500, 'Leiva', 52, 1, '2020-11-19 16:55:30'),
(501, 'Lejanías', 50, 1, '2020-11-19 16:55:30'),
(502, 'Lenguazaque', 25, 1, '2020-11-19 16:55:30'),
(503, 'Leticia', 91, 1, '2020-11-19 16:55:30'),
(504, 'Liborina', 5, 1, '2020-11-19 16:55:30'),
(505, 'Linares', 52, 1, '2020-11-19 16:55:30'),
(506, 'Lloró', 27, 1, '2020-11-19 16:55:30'),
(507, 'Lorica', 23, 1, '2020-11-19 16:55:30'),
(508, 'Los Córdobas', 23, 1, '2020-11-19 16:55:30'),
(509, 'Los Palmitos', 70, 1, '2020-11-19 16:55:30'),
(510, 'Los Patios', 54, 1, '2020-11-19 16:55:30'),
(511, 'Los Santos', 68, 1, '2020-11-19 16:55:30'),
(512, 'Lourdes', 54, 1, '2020-11-19 16:55:30'),
(513, 'Luruaco', 8, 1, '2020-11-19 16:55:30'),
(514, 'Lérida', 73, 1, '2020-11-19 16:55:30'),
(515, 'Líbano', 73, 1, '2020-11-19 16:55:30'),
(516, 'López (Micay)', 19, 1, '2020-11-19 16:55:30'),
(517, 'Macanal', 15, 1, '2020-11-19 16:55:30'),
(518, 'Macaravita', 68, 1, '2020-11-19 16:55:30'),
(519, 'Maceo', 5, 1, '2020-11-19 16:55:30'),
(520, 'Machetá', 25, 1, '2020-11-19 16:55:30'),
(521, 'Madrid', 25, 1, '2020-11-19 16:55:30'),
(522, 'Magangué', 13, 1, '2020-11-19 16:55:30'),
(523, 'Magüi (Payán)', 52, 1, '2020-11-19 16:55:30'),
(524, 'Mahates', 13, 1, '2020-11-19 16:55:30'),
(525, 'Maicao', 44, 1, '2020-11-19 16:55:30'),
(526, 'Majagual', 70, 1, '2020-11-19 16:55:30'),
(527, 'Malambo', 8, 1, '2020-11-19 16:55:30'),
(528, 'Mallama (Piedrancha)', 52, 1, '2020-11-19 16:55:30'),
(529, 'Manatí', 8, 1, '2020-11-19 16:55:30'),
(530, 'Manaure', 44, 1, '2020-11-19 16:55:30'),
(531, 'Manaure Balcón del Cesar', 20, 1, '2020-11-19 16:55:30'),
(532, 'Manizales', 17, 1, '2020-11-19 16:55:30'),
(533, 'Manta', 25, 1, '2020-11-19 16:55:30'),
(534, 'Manzanares', 17, 1, '2020-11-19 16:55:30'),
(535, 'Maní', 85, 1, '2020-11-19 16:55:30'),
(536, 'Mapiripan', 50, 1, '2020-11-19 16:55:30'),
(537, 'Margarita', 13, 1, '2020-11-19 16:55:30'),
(538, 'Marinilla', 5, 1, '2020-11-19 16:55:30'),
(539, 'Maripí', 15, 1, '2020-11-19 16:55:30'),
(540, 'Mariquita', 73, 1, '2020-11-19 16:55:30'),
(541, 'Marmato', 17, 1, '2020-11-19 16:55:30'),
(542, 'Marquetalia', 17, 1, '2020-11-19 16:55:30'),
(543, 'Marsella', 66, 1, '2020-11-19 16:55:30'),
(544, 'Marulanda', 17, 1, '2020-11-19 16:55:30'),
(545, 'María la Baja', 13, 1, '2020-11-19 16:55:30'),
(546, 'Matanza', 68, 1, '2020-11-19 16:55:30'),
(547, 'Medellín', 5, 1, '2020-11-19 16:55:30'),
(548, 'Medina', 25, 1, '2020-11-19 16:55:30'),
(549, 'Medio Atrato', 27, 1, '2020-11-19 16:55:30'),
(550, 'Medio Baudó', 27, 1, '2020-11-19 16:55:30'),
(551, 'Medio San Juan (ANDAGOYA)', 27, 1, '2020-11-19 16:55:30'),
(552, 'Melgar', 73, 1, '2020-11-19 16:55:30'),
(553, 'Mercaderes', 19, 1, '2020-11-19 16:55:30'),
(554, 'Mesetas', 50, 1, '2020-11-19 16:55:30'),
(555, 'Milán', 18, 1, '2020-11-19 16:55:30'),
(556, 'Miraflores', 15, 1, '2020-11-19 16:55:30'),
(557, 'Miraflores', 95, 1, '2020-11-19 16:55:30'),
(558, 'Miranda', 19, 1, '2020-11-19 16:55:30'),
(559, 'Mistrató', 66, 1, '2020-11-19 16:55:30'),
(560, 'Mitú', 97, 1, '2020-11-19 16:55:30'),
(561, 'Mocoa', 86, 1, '2020-11-19 16:55:30'),
(562, 'Mogotes', 68, 1, '2020-11-19 16:55:30'),
(563, 'Molagavita', 68, 1, '2020-11-19 16:55:30'),
(564, 'Momil', 23, 1, '2020-11-19 16:55:30'),
(565, 'Mompós', 13, 1, '2020-11-19 16:55:30'),
(566, 'Mongua', 15, 1, '2020-11-19 16:55:30'),
(567, 'Monguí', 15, 1, '2020-11-19 16:55:30'),
(568, 'Moniquirá', 15, 1, '2020-11-19 16:55:30'),
(569, 'Montebello', 5, 1, '2020-11-19 16:55:30'),
(570, 'Montecristo', 13, 1, '2020-11-19 16:55:30'),
(571, 'Montelíbano', 23, 1, '2020-11-19 16:55:30'),
(572, 'Montenegro', 63, 1, '2020-11-19 16:55:30'),
(573, 'Monteria', 23, 1, '2020-11-19 16:55:30'),
(574, 'Monterrey', 85, 1, '2020-11-19 16:55:30'),
(575, 'Morales', 13, 1, '2020-11-19 16:55:30'),
(576, 'Morales', 19, 1, '2020-11-19 16:55:30'),
(577, 'Morelia', 18, 1, '2020-11-19 16:55:30'),
(578, 'Morroa', 70, 1, '2020-11-19 16:55:30'),
(579, 'Mosquera', 25, 1, '2020-11-19 16:55:30'),
(580, 'Mosquera', 52, 1, '2020-11-19 16:55:30'),
(581, 'Motavita', 15, 1, '2020-11-19 16:55:30'),
(582, 'Moñitos', 23, 1, '2020-11-19 16:55:30'),
(583, 'Murillo', 73, 1, '2020-11-19 16:55:30'),
(584, 'Murindó', 5, 1, '2020-11-19 16:55:30'),
(585, 'Mutatá', 5, 1, '2020-11-19 16:55:30'),
(586, 'Mutiscua', 54, 1, '2020-11-19 16:55:30'),
(587, 'Muzo', 15, 1, '2020-11-19 16:55:30'),
(588, 'Málaga', 68, 1, '2020-11-19 16:55:30'),
(589, 'Nariño', 5, 1, '2020-11-19 16:55:30'),
(590, 'Nariño', 25, 1, '2020-11-19 16:55:30'),
(591, 'Nariño', 52, 1, '2020-11-19 16:55:30'),
(592, 'Natagaima', 73, 1, '2020-11-19 16:55:30'),
(593, 'Nechí', 5, 1, '2020-11-19 16:55:30'),
(594, 'Necoclí', 5, 1, '2020-11-19 16:55:30'),
(595, 'Neira', 17, 1, '2020-11-19 16:55:30'),
(596, 'Neiva', 41, 1, '2020-11-19 16:55:30'),
(597, 'Nemocón', 25, 1, '2020-11-19 16:55:30'),
(598, 'Nilo', 25, 1, '2020-11-19 16:55:30'),
(599, 'Nimaima', 25, 1, '2020-11-19 16:55:30'),
(600, 'Nobsa', 15, 1, '2020-11-19 16:55:30'),
(601, 'Nocaima', 25, 1, '2020-11-19 16:55:30'),
(602, 'Norcasia', 17, 1, '2020-11-19 16:55:30'),
(603, 'Norosí', 13, 1, '2020-11-19 16:55:30'),
(604, 'Novita', 27, 1, '2020-11-19 16:55:30'),
(605, 'Nueva Granada', 47, 1, '2020-11-19 16:55:30'),
(606, 'Nuevo Colón', 15, 1, '2020-11-19 16:55:30'),
(607, 'Nunchía', 85, 1, '2020-11-19 16:55:30'),
(608, 'Nuquí', 27, 1, '2020-11-19 16:55:30'),
(609, 'Nátaga', 41, 1, '2020-11-19 16:55:30'),
(610, 'Obando', 76, 1, '2020-11-19 16:55:30'),
(611, 'Ocamonte', 68, 1, '2020-11-19 16:55:30'),
(612, 'Ocaña', 54, 1, '2020-11-19 16:55:30'),
(613, 'Oiba', 68, 1, '2020-11-19 16:55:30'),
(614, 'Oicatá', 15, 1, '2020-11-19 16:55:30'),
(615, 'Olaya', 5, 1, '2020-11-19 16:55:30'),
(616, 'Olaya Herrera', 52, 1, '2020-11-19 16:55:30'),
(617, 'Onzaga', 68, 1, '2020-11-19 16:55:30'),
(618, 'Oporapa', 41, 1, '2020-11-19 16:55:30'),
(619, 'Orito', 86, 1, '2020-11-19 16:55:30'),
(620, 'Orocué', 85, 1, '2020-11-19 16:55:30'),
(621, 'Ortega', 73, 1, '2020-11-19 16:55:30'),
(622, 'Ospina', 52, 1, '2020-11-19 16:55:30'),
(623, 'Otanche', 15, 1, '2020-11-19 16:55:30'),
(624, 'Ovejas', 70, 1, '2020-11-19 16:55:30'),
(625, 'Pachavita', 15, 1, '2020-11-19 16:55:30'),
(626, 'Pacho', 25, 1, '2020-11-19 16:55:30'),
(627, 'Padilla', 19, 1, '2020-11-19 16:55:30'),
(628, 'Paicol', 41, 1, '2020-11-19 16:55:30'),
(629, 'Pailitas', 20, 1, '2020-11-19 16:55:30'),
(630, 'Paime', 25, 1, '2020-11-19 16:55:30'),
(631, 'Paipa', 15, 1, '2020-11-19 16:55:30'),
(632, 'Pajarito', 15, 1, '2020-11-19 16:55:30'),
(633, 'Palermo', 41, 1, '2020-11-19 16:55:30'),
(634, 'Palestina', 17, 1, '2020-11-19 16:55:30'),
(635, 'Palestina', 41, 1, '2020-11-19 16:55:30'),
(636, 'Palmar', 68, 1, '2020-11-19 16:55:30'),
(637, 'Palmar de Varela', 8, 1, '2020-11-19 16:55:30'),
(638, 'Palmas del Socorro', 68, 1, '2020-11-19 16:55:30'),
(639, 'Palmira', 76, 1, '2020-11-19 16:55:30'),
(640, 'Palmito', 70, 1, '2020-11-19 16:55:30'),
(641, 'Palocabildo', 73, 1, '2020-11-19 16:55:30'),
(642, 'Pamplona', 54, 1, '2020-11-19 16:55:30'),
(643, 'Pamplonita', 54, 1, '2020-11-19 16:55:30'),
(644, 'Pandi', 25, 1, '2020-11-19 16:55:30'),
(645, 'Panqueba', 15, 1, '2020-11-19 16:55:30'),
(646, 'Paratebueno', 25, 1, '2020-11-19 16:55:30'),
(647, 'Pasca', 25, 1, '2020-11-19 16:55:30'),
(648, 'Patía (El Bordo)', 19, 1, '2020-11-19 16:55:30'),
(649, 'Pauna', 15, 1, '2020-11-19 16:55:30'),
(650, 'Paya', 15, 1, '2020-11-19 16:55:30'),
(651, 'Paz de Ariporo', 85, 1, '2020-11-19 16:55:30'),
(652, 'Paz de Río', 15, 1, '2020-11-19 16:55:30'),
(653, 'Pedraza', 47, 1, '2020-11-19 16:55:30'),
(654, 'Pelaya', 20, 1, '2020-11-19 16:55:30'),
(655, 'Pensilvania', 17, 1, '2020-11-19 16:55:30'),
(656, 'Peque', 5, 1, '2020-11-19 16:55:30'),
(657, 'Pereira', 66, 1, '2020-11-19 16:55:30'),
(658, 'Pesca', 15, 1, '2020-11-19 16:55:30'),
(659, 'Peñol', 5, 1, '2020-11-19 16:55:30'),
(660, 'Piamonte', 19, 1, '2020-11-19 16:55:30'),
(661, 'Pie de Cuesta', 68, 1, '2020-11-19 16:55:30'),
(662, 'Piedras', 73, 1, '2020-11-19 16:55:30'),
(663, 'Piendamó', 19, 1, '2020-11-19 16:55:30'),
(664, 'Pijao', 63, 1, '2020-11-19 16:55:30'),
(665, 'Pijiño', 47, 1, '2020-11-19 16:55:30'),
(666, 'Pinchote', 68, 1, '2020-11-19 16:55:30'),
(667, 'Pinillos', 13, 1, '2020-11-19 16:55:30'),
(668, 'Piojo', 8, 1, '2020-11-19 16:55:30'),
(669, 'Pisva', 15, 1, '2020-11-19 16:55:30'),
(670, 'Pital', 41, 1, '2020-11-19 16:55:30'),
(671, 'Pitalito', 41, 1, '2020-11-19 16:55:30'),
(672, 'Pivijay', 47, 1, '2020-11-19 16:55:30'),
(673, 'Planadas', 73, 1, '2020-11-19 16:55:30'),
(674, 'Planeta Rica', 23, 1, '2020-11-19 16:55:30'),
(675, 'Plato', 47, 1, '2020-11-19 16:55:30'),
(676, 'Policarpa', 52, 1, '2020-11-19 16:55:30'),
(677, 'Polonuevo', 8, 1, '2020-11-19 16:55:30'),
(678, 'Ponedera', 8, 1, '2020-11-19 16:55:30'),
(679, 'Popayán', 19, 1, '2020-11-19 16:55:30'),
(680, 'Pore', 85, 1, '2020-11-19 16:55:30'),
(681, 'Potosí', 52, 1, '2020-11-19 16:55:30'),
(682, 'Pradera', 76, 1, '2020-11-19 16:55:30'),
(683, 'Prado', 73, 1, '2020-11-19 16:55:30'),
(684, 'Providencia', 52, 1, '2020-11-19 16:55:30'),
(685, 'Providencia', 88, 1, '2020-11-19 16:55:30'),
(686, 'Pueblo Bello', 20, 1, '2020-11-19 16:55:30'),
(687, 'Pueblo Nuevo', 23, 1, '2020-11-19 16:55:30'),
(688, 'Pueblo Rico', 66, 1, '2020-11-19 16:55:30'),
(689, 'Pueblorrico', 5, 1, '2020-11-19 16:55:30'),
(690, 'Puebloviejo', 47, 1, '2020-11-19 16:55:30'),
(691, 'Puente Nacional', 68, 1, '2020-11-19 16:55:30'),
(692, 'Puerres', 52, 1, '2020-11-19 16:55:30'),
(693, 'Puerto Asís', 86, 1, '2020-11-19 16:55:30'),
(694, 'Puerto Berrío', 5, 1, '2020-11-19 16:55:30'),
(695, 'Puerto Boyacá', 15, 1, '2020-11-19 16:55:30'),
(696, 'Puerto Caicedo', 86, 1, '2020-11-19 16:55:30'),
(697, 'Puerto Carreño', 99, 1, '2020-11-19 16:55:30'),
(698, 'Puerto Colombia', 8, 1, '2020-11-19 16:55:30'),
(699, 'Puerto Concordia', 50, 1, '2020-11-19 16:55:30'),
(700, 'Puerto Escondido', 23, 1, '2020-11-19 16:55:30'),
(701, 'Puerto Gaitán', 50, 1, '2020-11-19 16:55:30'),
(702, 'Puerto Guzmán', 86, 1, '2020-11-19 16:55:30'),
(703, 'Puerto Leguízamo', 86, 1, '2020-11-19 16:55:30'),
(704, 'Puerto Libertador', 23, 1, '2020-11-19 16:55:30'),
(705, 'Puerto Lleras', 50, 1, '2020-11-19 16:55:30'),
(706, 'Puerto López', 50, 1, '2020-11-19 16:55:30'),
(707, 'Puerto Nare', 5, 1, '2020-11-19 16:55:30'),
(708, 'Puerto Nariño', 91, 1, '2020-11-19 16:55:30'),
(709, 'Puerto Parra', 68, 1, '2020-11-19 16:55:30'),
(710, 'Puerto Rico', 18, 1, '2020-11-19 16:55:30'),
(711, 'Puerto Rico', 50, 1, '2020-11-19 16:55:30'),
(712, 'Puerto Rondón', 81, 1, '2020-11-19 16:55:30'),
(713, 'Puerto Salgar', 25, 1, '2020-11-19 16:55:30'),
(714, 'Puerto Santander', 54, 1, '2020-11-19 16:55:30'),
(715, 'Puerto Tejada', 19, 1, '2020-11-19 16:55:30'),
(716, 'Puerto Triunfo', 5, 1, '2020-11-19 16:55:30'),
(717, 'Puerto Wilches', 68, 1, '2020-11-19 16:55:30'),
(718, 'Pulí', 25, 1, '2020-11-19 16:55:30'),
(719, 'Pupiales', 52, 1, '2020-11-19 16:55:30'),
(720, 'Puracé (Coconuco)', 19, 1, '2020-11-19 16:55:30'),
(721, 'Purificación', 73, 1, '2020-11-19 16:55:30'),
(722, 'Purísima', 23, 1, '2020-11-19 16:55:30'),
(723, 'Pácora', 17, 1, '2020-11-19 16:55:30'),
(724, 'Páez', 15, 1, '2020-11-19 16:55:30'),
(725, 'Páez (Belalcazar)', 19, 1, '2020-11-19 16:55:30'),
(726, 'Páramo', 68, 1, '2020-11-19 16:55:30'),
(727, 'Quebradanegra', 25, 1, '2020-11-19 16:55:30'),
(728, 'Quetame', 25, 1, '2020-11-19 16:55:30'),
(729, 'Quibdó', 27, 1, '2020-11-19 16:55:30'),
(730, 'Quimbaya', 63, 1, '2020-11-19 16:55:30'),
(731, 'Quinchía', 66, 1, '2020-11-19 16:55:30'),
(732, 'Quipama', 15, 1, '2020-11-19 16:55:30'),
(733, 'Quipile', 25, 1, '2020-11-19 16:55:30'),
(734, 'Ragonvalia', 54, 1, '2020-11-19 16:55:30'),
(735, 'Ramiriquí', 15, 1, '2020-11-19 16:55:30'),
(736, 'Recetor', 85, 1, '2020-11-19 16:55:30'),
(737, 'Regidor', 13, 1, '2020-11-19 16:55:30'),
(738, 'Remedios', 5, 1, '2020-11-19 16:55:30'),
(739, 'Remolino', 47, 1, '2020-11-19 16:55:30'),
(740, 'Repelón', 8, 1, '2020-11-19 16:55:30'),
(741, 'Restrepo', 50, 1, '2020-11-19 16:55:30'),
(742, 'Restrepo', 76, 1, '2020-11-19 16:55:30'),
(743, 'Retiro', 5, 1, '2020-11-19 16:55:30'),
(744, 'Ricaurte', 25, 1, '2020-11-19 16:55:30'),
(745, 'Ricaurte', 52, 1, '2020-11-19 16:55:30'),
(746, 'Rio Negro', 68, 1, '2020-11-19 16:55:30'),
(747, 'Rioblanco', 73, 1, '2020-11-19 16:55:30'),
(748, 'Riofrío', 76, 1, '2020-11-19 16:55:30'),
(749, 'Riohacha', 44, 1, '2020-11-19 16:55:30'),
(750, 'Risaralda', 17, 1, '2020-11-19 16:55:30'),
(751, 'Rivera', 41, 1, '2020-11-19 16:55:30'),
(752, 'Roberto Payán (San José)', 52, 1, '2020-11-19 16:55:30'),
(753, 'Roldanillo', 76, 1, '2020-11-19 16:55:30'),
(754, 'Roncesvalles', 73, 1, '2020-11-19 16:55:30'),
(755, 'Rondón', 15, 1, '2020-11-19 16:55:30'),
(756, 'Rosas', 19, 1, '2020-11-19 16:55:30'),
(757, 'Rovira', 73, 1, '2020-11-19 16:55:30'),
(758, 'Ráquira', 15, 1, '2020-11-19 16:55:30'),
(759, 'Río Iró', 27, 1, '2020-11-19 16:55:30'),
(760, 'Río Quito', 27, 1, '2020-11-19 16:55:30'),
(761, 'Río Sucio', 17, 1, '2020-11-19 16:55:30'),
(762, 'Río Viejo', 13, 1, '2020-11-19 16:55:30'),
(763, 'Río de oro', 20, 1, '2020-11-19 16:55:30'),
(764, 'Ríonegro', 5, 1, '2020-11-19 16:55:30'),
(765, 'Ríosucio', 27, 1, '2020-11-19 16:55:30'),
(766, 'Sabana de Torres', 68, 1, '2020-11-19 16:55:30'),
(767, 'Sabanagrande', 8, 1, '2020-11-19 16:55:30'),
(768, 'Sabanalarga', 5, 1, '2020-11-19 16:55:30'),
(769, 'Sabanalarga', 8, 1, '2020-11-19 16:55:30'),
(770, 'Sabanalarga', 85, 1, '2020-11-19 16:55:30'),
(771, 'Sabanas de San Angel (SAN ANGEL)', 47, 1, '2020-11-19 16:55:30'),
(772, 'Sabaneta', 5, 1, '2020-11-19 16:55:30'),
(773, 'Saboyá', 15, 1, '2020-11-19 16:55:30'),
(774, 'Sahagún', 23, 1, '2020-11-19 16:55:30'),
(775, 'Saladoblanco', 41, 1, '2020-11-19 16:55:30'),
(776, 'Salamina', 17, 1, '2020-11-19 16:55:30'),
(777, 'Salamina', 47, 1, '2020-11-19 16:55:30'),
(778, 'Salazar', 54, 1, '2020-11-19 16:55:30'),
(779, 'Saldaña', 73, 1, '2020-11-19 16:55:30'),
(780, 'Salento', 63, 1, '2020-11-19 16:55:30'),
(781, 'Salgar', 5, 1, '2020-11-19 16:55:30'),
(782, 'Samacá', 15, 1, '2020-11-19 16:55:30'),
(783, 'Samaniego', 52, 1, '2020-11-19 16:55:30'),
(784, 'Samaná', 17, 1, '2020-11-19 16:55:30'),
(785, 'Sampués', 70, 1, '2020-11-19 16:55:30'),
(786, 'San Agustín', 41, 1, '2020-11-19 16:55:30'),
(787, 'San Alberto', 20, 1, '2020-11-19 16:55:30'),
(788, 'San Andrés', 68, 1, '2020-11-19 16:55:30'),
(789, 'San Andrés Sotavento', 23, 1, '2020-11-19 16:55:30'),
(790, 'San Andrés de Cuerquía', 5, 1, '2020-11-19 16:55:30'),
(791, 'San Antero', 23, 1, '2020-11-19 16:55:30'),
(792, 'San Antonio', 73, 1, '2020-11-19 16:55:30'),
(793, 'San Antonio de Tequendama', 25, 1, '2020-11-19 16:55:30'),
(794, 'San Benito', 68, 1, '2020-11-19 16:55:30'),
(795, 'San Benito Abad', 70, 1, '2020-11-19 16:55:30'),
(796, 'San Bernardo', 25, 1, '2020-11-19 16:55:30'),
(797, 'San Bernardo', 52, 1, '2020-11-19 16:55:30'),
(798, 'San Bernardo del Viento', 23, 1, '2020-11-19 16:55:30'),
(799, 'San Calixto', 54, 1, '2020-11-19 16:55:30'),
(800, 'San Carlos', 5, 1, '2020-11-19 16:55:30'),
(801, 'San Carlos', 23, 1, '2020-11-19 16:55:30'),
(802, 'San Carlos de Guaroa', 50, 1, '2020-11-19 16:55:30'),
(803, 'San Cayetano', 25, 1, '2020-11-19 16:55:30'),
(804, 'San Cayetano', 54, 1, '2020-11-19 16:55:30'),
(805, 'San Cristobal', 13, 1, '2020-11-19 16:55:30'),
(806, 'San Diego', 20, 1, '2020-11-19 16:55:30'),
(807, 'San Eduardo', 15, 1, '2020-11-19 16:55:30'),
(808, 'San Estanislao', 13, 1, '2020-11-19 16:55:30'),
(809, 'San Fernando', 13, 1, '2020-11-19 16:55:30'),
(810, 'San Francisco', 5, 1, '2020-11-19 16:55:30'),
(811, 'San Francisco', 25, 1, '2020-11-19 16:55:30'),
(812, 'San Francisco', 86, 1, '2020-11-19 16:55:30'),
(813, 'San Gíl', 68, 1, '2020-11-19 16:55:30'),
(814, 'San Jacinto', 13, 1, '2020-11-19 16:55:30'),
(815, 'San Jacinto del Cauca', 13, 1, '2020-11-19 16:55:30'),
(816, 'San Jerónimo', 5, 1, '2020-11-19 16:55:30'),
(817, 'San Joaquín', 68, 1, '2020-11-19 16:55:30'),
(818, 'San José', 17, 1, '2020-11-19 16:55:30'),
(819, 'San José de Miranda', 68, 1, '2020-11-19 16:55:30'),
(820, 'San José de Montaña', 5, 1, '2020-11-19 16:55:30'),
(821, 'San José de Pare', 15, 1, '2020-11-19 16:55:30'),
(822, 'San José de Uré', 23, 1, '2020-11-19 16:55:30'),
(823, 'San José del Fragua', 18, 1, '2020-11-19 16:55:30'),
(824, 'San José del Guaviare', 95, 1, '2020-11-19 16:55:30'),
(825, 'San José del Palmar', 27, 1, '2020-11-19 16:55:30'),
(826, 'San Juan de Arama', 50, 1, '2020-11-19 16:55:30'),
(827, 'San Juan de Betulia', 70, 1, '2020-11-19 16:55:30'),
(828, 'San Juan de Nepomuceno', 13, 1, '2020-11-19 16:55:30'),
(829, 'San Juan de Pasto', 52, 1, '2020-11-19 16:55:30'),
(830, 'San Juan de Río Seco', 25, 1, '2020-11-19 16:55:30'),
(831, 'San Juan de Urabá', 5, 1, '2020-11-19 16:55:30'),
(832, 'San Juan del Cesar', 44, 1, '2020-11-19 16:55:30'),
(833, 'San Juanito', 50, 1, '2020-11-19 16:55:30'),
(834, 'San Lorenzo', 52, 1, '2020-11-19 16:55:30'),
(835, 'San Luis', 73, 1, '2020-11-19 16:55:30'),
(836, 'San Luís', 5, 1, '2020-11-19 16:55:30'),
(837, 'San Luís de Gaceno', 15, 1, '2020-11-19 16:55:30'),
(838, 'San Luís de Palenque', 85, 1, '2020-11-19 16:55:30'),
(839, 'San Marcos', 70, 1, '2020-11-19 16:55:30'),
(840, 'San Martín', 20, 1, '2020-11-19 16:55:30'),
(841, 'San Martín', 50, 1, '2020-11-19 16:55:30'),
(842, 'San Martín de Loba', 13, 1, '2020-11-19 16:55:30'),
(843, 'San Mateo', 15, 1, '2020-11-19 16:55:30'),
(844, 'San Miguel', 68, 1, '2020-11-19 16:55:30'),
(845, 'San Miguel', 86, 1, '2020-11-19 16:55:30'),
(846, 'San Miguel de Sema', 15, 1, '2020-11-19 16:55:30'),
(847, 'San Onofre', 70, 1, '2020-11-19 16:55:30'),
(848, 'San Pablo', 13, 1, '2020-11-19 16:55:30'),
(849, 'San Pablo', 52, 1, '2020-11-19 16:55:30'),
(850, 'San Pablo de Borbur', 15, 1, '2020-11-19 16:55:30'),
(851, 'San Pedro', 5, 1, '2020-11-19 16:55:30'),
(852, 'San Pedro', 70, 1, '2020-11-19 16:55:30'),
(853, 'San Pedro', 76, 1, '2020-11-19 16:55:30'),
(854, 'San Pedro de Cartago', 52, 1, '2020-11-19 16:55:30'),
(855, 'San Pedro de Urabá', 5, 1, '2020-11-19 16:55:30'),
(856, 'San Pelayo', 23, 1, '2020-11-19 16:55:30'),
(857, 'San Rafael', 5, 1, '2020-11-19 16:55:30'),
(858, 'San Roque', 5, 1, '2020-11-19 16:55:30'),
(859, 'San Sebastián', 19, 1, '2020-11-19 16:55:30'),
(860, 'San Sebastián de Buenavista', 47, 1, '2020-11-19 16:55:30'),
(861, 'San Vicente', 5, 1, '2020-11-19 16:55:30'),
(862, 'San Vicente del Caguán', 18, 1, '2020-11-19 16:55:30'),
(863, 'San Vicente del Chucurí', 68, 1, '2020-11-19 16:55:30'),
(864, 'San Zenón', 47, 1, '2020-11-19 16:55:30'),
(865, 'Sandoná', 52, 1, '2020-11-19 16:55:30'),
(866, 'Santa Ana', 47, 1, '2020-11-19 16:55:30'),
(867, 'Santa Bárbara', 5, 1, '2020-11-19 16:55:30'),
(868, 'Santa Bárbara', 68, 1, '2020-11-19 16:55:30'),
(869, 'Santa Bárbara (Iscuandé)', 52, 1, '2020-11-19 16:55:30'),
(870, 'Santa Bárbara de Pinto', 47, 1, '2020-11-19 16:55:30'),
(871, 'Santa Catalina', 13, 1, '2020-11-19 16:55:30'),
(872, 'Santa Fé de Antioquia', 5, 1, '2020-11-19 16:55:30'),
(873, 'Santa Genoveva de Docorodó', 27, 1, '2020-11-19 16:55:30'),
(874, 'Santa Helena del Opón', 68, 1, '2020-11-19 16:55:30'),
(875, 'Santa Isabel', 73, 1, '2020-11-19 16:55:30'),
(876, 'Santa Lucía', 8, 1, '2020-11-19 16:55:30'),
(877, 'Santa Marta', 47, 1, '2020-11-19 16:55:30'),
(878, 'Santa María', 15, 1, '2020-11-19 16:55:30'),
(879, 'Santa María', 41, 1, '2020-11-19 16:55:30'),
(880, 'Santa Rosa', 13, 1, '2020-11-19 16:55:30'),
(881, 'Santa Rosa', 19, 1, '2020-11-19 16:55:30'),
(882, 'Santa Rosa de Cabal', 66, 1, '2020-11-19 16:55:30'),
(883, 'Santa Rosa de Osos', 5, 1, '2020-11-19 16:55:30'),
(884, 'Santa Rosa de Viterbo', 15, 1, '2020-11-19 16:55:30'),
(885, 'Santa Rosa del Sur', 13, 1, '2020-11-19 16:55:30'),
(886, 'Santa Rosalía', 99, 1, '2020-11-19 16:55:30'),
(887, 'Santa Sofía', 15, 1, '2020-11-19 16:55:30'),
(888, 'Santana', 15, 1, '2020-11-19 16:55:30'),
(889, 'Santander de Quilichao', 19, 1, '2020-11-19 16:55:30'),
(890, 'Santiago', 54, 1, '2020-11-19 16:55:30'),
(891, 'Santiago', 86, 1, '2020-11-19 16:55:30'),
(892, 'Santo Domingo', 5, 1, '2020-11-19 16:55:30'),
(893, 'Santo Tomás', 8, 1, '2020-11-19 16:55:30'),
(894, 'Santuario', 5, 1, '2020-11-19 16:55:30'),
(895, 'Santuario', 66, 1, '2020-11-19 16:55:30'),
(896, 'Sapuyes', 52, 1, '2020-11-19 16:55:30'),
(897, 'Saravena', 81, 1, '2020-11-19 16:55:30'),
(898, 'Sardinata', 54, 1, '2020-11-19 16:55:30'),
(899, 'Sasaima', 25, 1, '2020-11-19 16:55:30'),
(900, 'Sativanorte', 15, 1, '2020-11-19 16:55:30'),
(901, 'Sativasur', 15, 1, '2020-11-19 16:55:30'),
(902, 'Segovia', 5, 1, '2020-11-19 16:55:30'),
(903, 'Sesquilé', 25, 1, '2020-11-19 16:55:30'),
(904, 'Sevilla', 76, 1, '2020-11-19 16:55:30'),
(905, 'Siachoque', 15, 1, '2020-11-19 16:55:30'),
(906, 'Sibaté', 25, 1, '2020-11-19 16:55:30'),
(907, 'Sibundoy', 86, 1, '2020-11-19 16:55:30'),
(908, 'Silos', 54, 1, '2020-11-19 16:55:30'),
(909, 'Silvania', 25, 1, '2020-11-19 16:55:30'),
(910, 'Silvia', 19, 1, '2020-11-19 16:55:30'),
(911, 'Simacota', 68, 1, '2020-11-19 16:55:30'),
(912, 'Simijaca', 25, 1, '2020-11-19 16:55:30'),
(913, 'Simití', 13, 1, '2020-11-19 16:55:30'),
(914, 'Sincelejo', 70, 1, '2020-11-19 16:55:30'),
(915, 'Sincé', 70, 1, '2020-11-19 16:55:30'),
(916, 'Sipí', 27, 1, '2020-11-19 16:55:30'),
(917, 'Sitionuevo', 47, 1, '2020-11-19 16:55:30'),
(918, 'Soacha', 25, 1, '2020-11-19 16:55:30'),
(919, 'Soatá', 15, 1, '2020-11-19 16:55:30'),
(920, 'Socha', 15, 1, '2020-11-19 16:55:30'),
(921, 'Socorro', 68, 1, '2020-11-19 16:55:30'),
(922, 'Socotá', 15, 1, '2020-11-19 16:55:30'),
(923, 'Sogamoso', 15, 1, '2020-11-19 16:55:30'),
(924, 'Solano', 18, 1, '2020-11-19 16:55:30'),
(925, 'Soledad', 8, 1, '2020-11-19 16:55:30'),
(926, 'Solita', 18, 1, '2020-11-19 16:55:30'),
(927, 'Somondoco', 15, 1, '2020-11-19 16:55:30'),
(928, 'Sonsón', 5, 1, '2020-11-19 16:55:30'),
(929, 'Sopetrán', 5, 1, '2020-11-19 16:55:30'),
(930, 'Soplaviento', 13, 1, '2020-11-19 16:55:30'),
(931, 'Sopó', 25, 1, '2020-11-19 16:55:30'),
(932, 'Sora', 15, 1, '2020-11-19 16:55:30'),
(933, 'Soracá', 15, 1, '2020-11-19 16:55:30'),
(934, 'Sotaquirá', 15, 1, '2020-11-19 16:55:30'),
(935, 'Sotara (Paispamba)', 19, 1, '2020-11-19 16:55:30'),
(936, 'Sotomayor (Los Andes)', 52, 1, '2020-11-19 16:55:30'),
(937, 'Suaita', 68, 1, '2020-11-19 16:55:30'),
(938, 'Suan', 8, 1, '2020-11-19 16:55:30'),
(939, 'Suaza', 41, 1, '2020-11-19 16:55:30'),
(940, 'Subachoque', 25, 1, '2020-11-19 16:55:30'),
(941, 'Sucre', 19, 1, '2020-11-19 16:55:30'),
(942, 'Sucre', 68, 1, '2020-11-19 16:55:30'),
(943, 'Sucre', 70, 1, '2020-11-19 16:55:30'),
(944, 'Suesca', 25, 1, '2020-11-19 16:55:30'),
(945, 'Supatá', 25, 1, '2020-11-19 16:55:30'),
(946, 'Supía', 17, 1, '2020-11-19 16:55:30'),
(947, 'Suratá', 68, 1, '2020-11-19 16:55:30'),
(948, 'Susa', 25, 1, '2020-11-19 16:55:30'),
(949, 'Susacón', 15, 1, '2020-11-19 16:55:30'),
(950, 'Sutamarchán', 15, 1, '2020-11-19 16:55:30'),
(951, 'Sutatausa', 25, 1, '2020-11-19 16:55:30'),
(952, 'Sutatenza', 15, 1, '2020-11-19 16:55:30'),
(953, 'Suárez', 19, 1, '2020-11-19 16:55:30'),
(954, 'Suárez', 73, 1, '2020-11-19 16:55:30'),
(955, 'Sácama', 85, 1, '2020-11-19 16:55:30'),
(956, 'Sáchica', 15, 1, '2020-11-19 16:55:30'),
(957, 'Tabio', 25, 1, '2020-11-19 16:55:30'),
(958, 'Tadó', 27, 1, '2020-11-19 16:55:30'),
(959, 'Talaigua Nuevo', 13, 1, '2020-11-19 16:55:30'),
(960, 'Tamalameque', 20, 1, '2020-11-19 16:55:30'),
(961, 'Tame', 81, 1, '2020-11-19 16:55:30'),
(962, 'Taminango', 52, 1, '2020-11-19 16:55:30'),
(963, 'Tangua', 52, 1, '2020-11-19 16:55:30'),
(964, 'Taraira', 97, 1, '2020-11-19 16:55:30'),
(965, 'Tarazá', 5, 1, '2020-11-19 16:55:30'),
(966, 'Tarqui', 41, 1, '2020-11-19 16:55:30'),
(967, 'Tarso', 5, 1, '2020-11-19 16:55:30'),
(968, 'Tasco', 15, 1, '2020-11-19 16:55:30'),
(969, 'Tauramena', 85, 1, '2020-11-19 16:55:30'),
(970, 'Tausa', 25, 1, '2020-11-19 16:55:30'),
(971, 'Tello', 41, 1, '2020-11-19 16:55:30'),
(972, 'Tena', 25, 1, '2020-11-19 16:55:30'),
(973, 'Tenerife', 47, 1, '2020-11-19 16:55:30'),
(974, 'Tenjo', 25, 1, '2020-11-19 16:55:30'),
(975, 'Tenza', 15, 1, '2020-11-19 16:55:30'),
(976, 'Teorama', 54, 1, '2020-11-19 16:55:30'),
(977, 'Teruel', 41, 1, '2020-11-19 16:55:30'),
(978, 'Tesalia', 41, 1, '2020-11-19 16:55:30'),
(979, 'Tibacuy', 25, 1, '2020-11-19 16:55:30'),
(980, 'Tibaná', 15, 1, '2020-11-19 16:55:30'),
(981, 'Tibasosa', 15, 1, '2020-11-19 16:55:30'),
(982, 'Tibirita', 25, 1, '2020-11-19 16:55:30'),
(983, 'Tibú', 54, 1, '2020-11-19 16:55:30'),
(984, 'Tierralta', 23, 1, '2020-11-19 16:55:30'),
(985, 'Timaná', 41, 1, '2020-11-19 16:55:30'),
(986, 'Timbiquí', 19, 1, '2020-11-19 16:55:30'),
(987, 'Timbío', 19, 1, '2020-11-19 16:55:30'),
(988, 'Tinjacá', 15, 1, '2020-11-19 16:55:30'),
(989, 'Tipacoque', 15, 1, '2020-11-19 16:55:30'),
(990, 'Tiquisio (Puerto Rico)', 13, 1, '2020-11-19 16:55:30'),
(991, 'Titiribí', 5, 1, '2020-11-19 16:55:30'),
(992, 'Toca', 15, 1, '2020-11-19 16:55:30'),
(993, 'Tocaima', 25, 1, '2020-11-19 16:55:30'),
(994, 'Tocancipá', 25, 1, '2020-11-19 16:55:30'),
(995, 'Toguí', 15, 1, '2020-11-19 16:55:30'),
(996, 'Toledo', 5, 1, '2020-11-19 16:55:30'),
(997, 'Toledo', 54, 1, '2020-11-19 16:55:30'),
(998, 'Tolú', 70, 1, '2020-11-19 16:55:30'),
(999, 'Tolú Viejo', 70, 1, '2020-11-19 16:55:30'),
(1000, 'Tona', 68, 1, '2020-11-19 16:55:30'),
(1001, 'Topagá', 15, 1, '2020-11-19 16:55:30'),
(1002, 'Topaipí', 25, 1, '2020-11-19 16:55:30'),
(1003, 'Toribío', 19, 1, '2020-11-19 16:55:30'),
(1004, 'Toro', 76, 1, '2020-11-19 16:55:30'),
(1005, 'Tota', 15, 1, '2020-11-19 16:55:30'),
(1006, 'Totoró', 19, 1, '2020-11-19 16:55:30'),
(1007, 'Trinidad', 85, 1, '2020-11-19 16:55:30'),
(1008, 'Trujillo', 76, 1, '2020-11-19 16:55:30'),
(1009, 'Tubará', 8, 1, '2020-11-19 16:55:30'),
(1010, 'Tuchín', 23, 1, '2020-11-19 16:55:30'),
(1011, 'Tulúa', 76, 1, '2020-11-19 16:55:30'),
(1012, 'Tumaco', 52, 1, '2020-11-19 16:55:30'),
(1013, 'Tunja', 15, 1, '2020-11-19 16:55:30'),
(1014, 'Tunungua', 15, 1, '2020-11-19 16:55:30'),
(1015, 'Turbaco', 13, 1, '2020-11-19 16:55:30'),
(1016, 'Turbaná', 13, 1, '2020-11-19 16:55:30'),
(1017, 'Turbo', 5, 1, '2020-11-19 16:55:30'),
(1018, 'Turmequé', 15, 1, '2020-11-19 16:55:30'),
(1019, 'Tuta', 15, 1, '2020-11-19 16:55:30'),
(1020, 'Tutasá', 15, 1, '2020-11-19 16:55:30'),
(1021, 'Támara', 85, 1, '2020-11-19 16:55:30'),
(1022, 'Támesis', 5, 1, '2020-11-19 16:55:30'),
(1023, 'Túquerres', 52, 1, '2020-11-19 16:55:30'),
(1024, 'Ubalá', 25, 1, '2020-11-19 16:55:30'),
(1025, 'Ubaque', 25, 1, '2020-11-19 16:55:30'),
(1026, 'Ubaté', 25, 1, '2020-11-19 16:55:30'),
(1027, 'Ulloa', 76, 1, '2020-11-19 16:55:30'),
(1028, 'Une', 25, 1, '2020-11-19 16:55:30'),
(1029, 'Unguía', 27, 1, '2020-11-19 16:55:30'),
(1030, 'Unión Panamericana (ÁNIMAS)', 27, 1, '2020-11-19 16:55:30'),
(1031, 'Uramita', 5, 1, '2020-11-19 16:55:30'),
(1032, 'Uribe', 50, 1, '2020-11-19 16:55:30'),
(1033, 'Uribia', 44, 1, '2020-11-19 16:55:30'),
(1034, 'Urrao', 5, 1, '2020-11-19 16:55:30'),
(1035, 'Urumita', 44, 1, '2020-11-19 16:55:30'),
(1036, 'Usiacuri', 8, 1, '2020-11-19 16:55:30'),
(1037, 'Valdivia', 5, 1, '2020-11-19 16:55:30'),
(1038, 'Valencia', 23, 1, '2020-11-19 16:55:30'),
(1039, 'Valle de San José', 68, 1, '2020-11-19 16:55:30'),
(1040, 'Valle de San Juan', 73, 1, '2020-11-19 16:55:30'),
(1041, 'Valle del Guamuez', 86, 1, '2020-11-19 16:55:30'),
(1042, 'Valledupar', 20, 1, '2020-11-19 16:55:30');
INSERT INTO `municipios` (`idMunicipio`, `municipio`, `idDepartamento`, `estado`, `auditoria`) VALUES
(1043, 'Valparaiso', 5, 1, '2020-11-19 16:55:30'),
(1044, 'Valparaiso', 18, 1, '2020-11-19 16:55:30'),
(1045, 'Vegachí', 5, 1, '2020-11-19 16:55:30'),
(1046, 'Venadillo', 73, 1, '2020-11-19 16:55:30'),
(1047, 'Venecia', 5, 1, '2020-11-19 16:55:30'),
(1048, 'Venecia (Ospina Pérez)', 25, 1, '2020-11-19 16:55:30'),
(1049, 'Ventaquemada', 15, 1, '2020-11-19 16:55:30'),
(1050, 'Vergara', 25, 1, '2020-11-19 16:55:30'),
(1051, 'Versalles', 76, 1, '2020-11-19 16:55:30'),
(1052, 'Vetas', 68, 1, '2020-11-19 16:55:30'),
(1053, 'Viani', 25, 1, '2020-11-19 16:55:30'),
(1054, 'Vigía del Fuerte', 5, 1, '2020-11-19 16:55:30'),
(1055, 'Vijes', 76, 1, '2020-11-19 16:55:30'),
(1056, 'Villa Caro', 54, 1, '2020-11-19 16:55:30'),
(1057, 'Villa Rica', 19, 1, '2020-11-19 16:55:30'),
(1058, 'Villa de Leiva', 15, 1, '2020-11-19 16:55:30'),
(1059, 'Villa del Rosario', 54, 1, '2020-11-19 16:55:30'),
(1060, 'Villagarzón', 86, 1, '2020-11-19 16:55:30'),
(1061, 'Villagómez', 25, 1, '2020-11-19 16:55:30'),
(1062, 'Villahermosa', 73, 1, '2020-11-19 16:55:30'),
(1063, 'Villamaría', 17, 1, '2020-11-19 16:55:30'),
(1064, 'Villanueva', 13, 1, '2020-11-19 16:55:30'),
(1065, 'Villanueva', 44, 1, '2020-11-19 16:55:30'),
(1066, 'Villanueva', 68, 1, '2020-11-19 16:55:30'),
(1067, 'Villanueva', 85, 1, '2020-11-19 16:55:30'),
(1068, 'Villapinzón', 25, 1, '2020-11-19 16:55:30'),
(1069, 'Villarrica', 73, 1, '2020-11-19 16:55:30'),
(1070, 'Villavicencio', 50, 1, '2020-11-19 16:55:30'),
(1071, 'Villavieja', 41, 1, '2020-11-19 16:55:30'),
(1072, 'Villeta', 25, 1, '2020-11-19 16:55:30'),
(1073, 'Viotá', 25, 1, '2020-11-19 16:55:30'),
(1074, 'Viracachá', 15, 1, '2020-11-19 16:55:30'),
(1075, 'Vista Hermosa', 50, 1, '2020-11-19 16:55:30'),
(1076, 'Viterbo', 17, 1, '2020-11-19 16:55:30'),
(1077, 'Vélez', 68, 1, '2020-11-19 16:55:30'),
(1078, 'Yacopí', 25, 1, '2020-11-19 16:55:30'),
(1079, 'Yacuanquer', 52, 1, '2020-11-19 16:55:30'),
(1080, 'Yaguará', 41, 1, '2020-11-19 16:55:30'),
(1081, 'Yalí', 5, 1, '2020-11-19 16:55:30'),
(1082, 'Yarumal', 5, 1, '2020-11-19 16:55:30'),
(1083, 'Yolombó', 5, 1, '2020-11-19 16:55:30'),
(1084, 'Yondó (Casabe)', 5, 1, '2020-11-19 16:55:30'),
(1085, 'Yopal', 85, 1, '2020-11-19 16:55:30'),
(1086, 'Yotoco', 76, 1, '2020-11-19 16:55:30'),
(1087, 'Yumbo', 76, 1, '2020-11-19 16:55:30'),
(1088, 'Zambrano', 13, 1, '2020-11-19 16:55:30'),
(1089, 'Zapatoca', 68, 1, '2020-11-19 16:55:30'),
(1090, 'Zapayán (PUNTA DE PIEDRAS)', 47, 1, '2020-11-19 16:55:30'),
(1091, 'Zaragoza', 5, 1, '2020-11-19 16:55:30'),
(1092, 'Zarzal', 76, 1, '2020-11-19 16:55:30'),
(1093, 'Zetaquirá', 15, 1, '2020-11-19 16:55:30'),
(1094, 'Zipacón', 25, 1, '2020-11-19 16:55:30'),
(1095, 'Zipaquirá', 25, 1, '2020-11-19 16:55:30'),
(1096, 'Zona Bananera (PRADO - SEVILLA)', 47, 1, '2020-11-19 16:55:30'),
(1097, 'Ábrego', 54, 1, '2020-11-19 16:55:30'),
(1098, 'Íquira', 41, 1, '2020-11-19 16:55:30'),
(1099, 'Úmbita', 15, 1, '2020-11-19 16:55:30'),
(1100, 'Útica', 25, 1, '2020-11-19 16:55:30');

-- --------------------------------------------------------

--
-- Estructura de tabla para la tabla `preguntas_encuesta`
--

CREATE TABLE `preguntas_encuesta` (
  `idPreguntaEncuesta` int(11) NOT NULL,
  `textoPregunta` text COLLATE utf8_spanish2_ci DEFAULT NULL,
  `estado` tinyint(4) NOT NULL DEFAULT 1,
  `auditoria` datetime NOT NULL DEFAULT current_timestamp() ON UPDATE current_timestamp()
) ENGINE=InnoDB DEFAULT CHARSET=utf8 COLLATE=utf8_spanish2_ci ROW_FORMAT=DYNAMIC;

--
-- Volcado de datos para la tabla `preguntas_encuesta`
--

INSERT INTO `preguntas_encuesta` (`idPreguntaEncuesta`, `textoPregunta`, `estado`, `auditoria`) VALUES
(1, 'Dolor de garganta?', 1, '2020-11-20 16:34:25'),
(2, '¿Malestar general y dolor muscular que te limite las actividades de la vida diaria?', 1, '2020-11-20 16:34:36'),
(3, '¿Fiebre igual o mayor a 38 grados medida con termómetro?', 1, '2020-11-20 16:34:48'),
(4, '¿Tos seca y persistente de inicio reciente?', 1, '2020-11-20 16:35:04'),
(5, '¿Dificultad para respirar de inicio reciente?', 1, '2020-11-20 16:35:16'),
(6, '¿Pérdida del olfato y/o el gusto?', 1, '2020-11-20 16:35:26'),
(7, '¿Congestión nasal o exceso de mucosidad?', 1, '2020-11-20 16:35:37'),
(8, '¿Diarrea?', 1, '2020-11-20 16:35:48'),
(9, '¿Dolor de cabeza?', 1, '2020-11-20 16:35:57'),
(10, '¿Actualmente se encuentras en aislamiento y en espera del resultado de una prueba para Coronavirus COVID-19?', 1, '2020-11-20 16:36:06'),
(11, '¿Actualmente se encuentra en aislamiento luego de haber sido diagnosticado con prueba positiva para Coronavirus COVID-19?', 1, '2020-11-20 16:36:16'),
(12, '¿Vive con alguien en proceso de diagnóstico (le ordenaron prueba) o confirmado de tener COVID-19?', 1, '2020-11-20 16:36:25'),
(13, '¿En los últimos 14 días ha tenido contacto estrecho (por más de 15 minutos, a menos de 2 metros y sin usar elementos de protección personal) con alguien en proceso de diagnóstico (le ordenaron prueba) o confirmado de COVID-19?', 1, '2020-11-20 16:36:49'),
(14, '¿De las anteriores preguntas de control de síntomas, has repondido SI en alguna de ellas?', 1, '2020-11-20 16:36:54');

-- --------------------------------------------------------

--
-- Estructura de tabla para la tabla `programas_formacion`
--

CREATE TABLE `programas_formacion` (
  `idProgramaFormacion` int(11) NOT NULL,
  `nombreLargoProgramaFormacion` varchar(50) COLLATE utf8_spanish2_ci DEFAULT NULL,
  `nombreCorto` varchar(50) COLLATE utf8_spanish2_ci DEFAULT NULL,
  `estado` tinyint(4) NOT NULL DEFAULT 1,
  `auditoria` datetime NOT NULL DEFAULT current_timestamp() ON UPDATE current_timestamp()
) ENGINE=InnoDB DEFAULT CHARSET=utf8 COLLATE=utf8_spanish2_ci ROW_FORMAT=DYNAMIC;

--
-- Volcado de datos para la tabla `programas_formacion`
--

INSERT INTO `programas_formacion` (`idProgramaFormacion`, `nombreLargoProgramaFormacion`, `nombreCorto`, `estado`, `auditoria`) VALUES
(4, 'Análisis y desarrollo de sistemas de información', 'ADSI', 1, '2020-11-29 14:55:25');

-- --------------------------------------------------------

--
-- Estructura de tabla para la tabla `respuestas_encuesta`
--

CREATE TABLE `respuestas_encuesta` (
  `idRespuestaEncuesta` int(11) NOT NULL,
  `idEncuesta` int(11) DEFAULT NULL,
  `idPreguntaEncuesta` int(11) DEFAULT NULL,
  `respuestaSiNo` tinyint(1) NOT NULL DEFAULT -1,
  `estado` tinyint(4) NOT NULL DEFAULT 1,
  `auditoria` datetime NOT NULL DEFAULT current_timestamp() ON UPDATE current_timestamp()
) ENGINE=InnoDB DEFAULT CHARSET=utf8 COLLATE=utf8_spanish2_ci ROW_FORMAT=DYNAMIC;

--
-- Volcado de datos para la tabla `respuestas_encuesta`
--

INSERT INTO `respuestas_encuesta` (`idRespuestaEncuesta`, `idEncuesta`, `idPreguntaEncuesta`, `respuestaSiNo`, `estado`, `auditoria`) VALUES
(1, 1, 6, 1, 1, '2020-12-01 20:25:36');

-- --------------------------------------------------------

--
-- Estructura de tabla para la tabla `roles_sistema`
--

CREATE TABLE `roles_sistema` (
  `idRolSistema` int(11) NOT NULL,
  `nombreLargoRolSistema` varchar(50) COLLATE utf8_spanish2_ci DEFAULT NULL,
  `nombreCorto` varchar(50) COLLATE utf8_spanish2_ci DEFAULT NULL,
  `descripcionRolSistema` text COLLATE utf8_spanish2_ci DEFAULT NULL,
  `permisos` varchar(500) COLLATE utf8_spanish2_ci DEFAULT NULL,
  `restricciones` varchar(500) COLLATE utf8_spanish2_ci DEFAULT NULL,
  `estado` tinyint(4) NOT NULL DEFAULT 1,
  `auditoria` datetime NOT NULL DEFAULT current_timestamp() ON UPDATE current_timestamp()
) ENGINE=InnoDB DEFAULT CHARSET=utf8 COLLATE=utf8_spanish2_ci ROW_FORMAT=DYNAMIC;

--
-- Volcado de datos para la tabla `roles_sistema`
--

INSERT INTO `roles_sistema` (`idRolSistema`, `nombreLargoRolSistema`, `nombreCorto`, `descripcionRolSistema`, `permisos`, `restricciones`, `estado`, `auditoria`) VALUES
(1, 'Administrador', 'admin', 'el que manda', '+h', '-r', 1, '2020-12-01 20:01:11'),
(2, 'fffffffffff', 'sdfsdfsdfsf', 'dfsdfsdgfhggfhgjhghjgj', '34535tr', '24234234242', 0, '0000-00-00 00:00:00');

-- --------------------------------------------------------

--
-- Estructura de tabla para la tabla `tipos_generos`
--

CREATE TABLE `tipos_generos` (
  `idTipoGenero` int(11) NOT NULL,
  `nombreLargoGenero` varchar(50) COLLATE utf8_spanish2_ci DEFAULT NULL,
  `nombreCorto` varchar(50) COLLATE utf8_spanish2_ci DEFAULT NULL,
  `estado` tinyint(4) NOT NULL DEFAULT 1,
  `auditoria` datetime NOT NULL DEFAULT current_timestamp() ON UPDATE current_timestamp()
) ENGINE=InnoDB DEFAULT CHARSET=utf8 COLLATE=utf8_spanish2_ci;

--
-- Volcado de datos para la tabla `tipos_generos`
--

INSERT INTO `tipos_generos` (`idTipoGenero`, `nombreLargoGenero`, `nombreCorto`, `estado`, `auditoria`) VALUES
(1, 'Masculino', 'M', 1, '2020-11-25 13:18:15'),
(2, 'Femenino', 'F', 1, '2020-11-25 13:18:34');

-- --------------------------------------------------------

--
-- Estructura de tabla para la tabla `tipos_identificacion`
--

CREATE TABLE `tipos_identificacion` (
  `idTipoIdentificacion` int(11) NOT NULL,
  `nombreLargoIdentificacion` varchar(50) COLLATE utf8_spanish2_ci DEFAULT NULL,
  `nombreCorto` varchar(50) COLLATE utf8_spanish2_ci DEFAULT NULL,
  `estado` tinyint(4) DEFAULT 1,
  `auditoria` datetime DEFAULT current_timestamp() ON UPDATE current_timestamp()
) ENGINE=InnoDB DEFAULT CHARSET=utf8 COLLATE=utf8_spanish2_ci;

--
-- Volcado de datos para la tabla `tipos_identificacion`
--

INSERT INTO `tipos_identificacion` (`idTipoIdentificacion`, `nombreLargoIdentificacion`, `nombreCorto`, `estado`, `auditoria`) VALUES
(1, 'Tarjeta de identidad', 'TI', 1, '2020-11-25 13:32:44'),
(2, 'Cédula de ciudadanía', 'CC', 1, '2020-11-25 13:32:50'),
(3, 'Cédula de extranjería', 'CE', 1, '2020-11-25 13:33:00'),
(4, 'Pasaporte', 'P', 1, '2020-11-25 13:33:03'),
(5, 'Otro', 'O', 1, '2020-11-25 13:33:08');

-- --------------------------------------------------------

--
-- Estructura de tabla para la tabla `tipos_vinculaciones_sena`
--

CREATE TABLE `tipos_vinculaciones_sena` (
  `idTipoVinculacion` int(11) NOT NULL,
  `nombreLargoVinculacion` varchar(50) COLLATE utf8_spanish2_ci DEFAULT NULL,
  `nombreCorto` varchar(50) COLLATE utf8_spanish2_ci DEFAULT NULL,
  `estado` tinyint(4) NOT NULL DEFAULT 1,
  `auditoria` datetime NOT NULL DEFAULT current_timestamp() ON UPDATE current_timestamp()
) ENGINE=InnoDB DEFAULT CHARSET=utf8 COLLATE=utf8_spanish2_ci ROW_FORMAT=DYNAMIC;

--
-- Volcado de datos para la tabla `tipos_vinculaciones_sena`
--

INSERT INTO `tipos_vinculaciones_sena` (`idTipoVinculacion`, `nombreLargoVinculacion`, `nombreCorto`, `estado`, `auditoria`) VALUES
(1, 'Personal de seguridad', 'PS', 1, '2020-11-25 13:27:07'),
(2, 'Personal de limpieza', 'PL', 1, '2020-11-25 13:27:13'),
(3, 'Instructor de planta', 'IP', 1, '2020-11-25 13:27:26'),
(4, 'Instructor contratista', 'IC', 1, '2020-11-25 13:27:31'),
(5, 'Administrativo de planta', 'AP', 1, '2020-11-25 13:27:48'),
(6, 'Administrativo contratista', 'AC', 1, '2020-11-25 13:27:54'),
(7, 'Trabajador oficial', 'TO', 1, '2020-11-25 13:28:29'),
(8, 'Soporte en sitio de Telefónica', 'SST', 1, '2020-11-25 13:28:38'),
(9, 'Contratista de obra y mantenimiento', 'COM', 1, '2020-11-25 13:28:51'),
(10, 'Contratista de telefónica', 'CT', 1, '2020-11-25 13:29:01'),
(11, 'Aprendiz en formación', 'AF', 1, '2020-11-25 13:29:18'),
(12, 'Aprendiz en contrato de aprendizaje', 'ACA', 1, '2020-11-25 13:29:36'),
(13, 'Aprendiz en monitoría', 'AM', 1, '2020-11-25 13:29:46'),
(14, 'Visitante', 'V', 1, '2020-11-25 13:29:53'),
(15, 'Aprendiz - Pasante', 'AP', 1, '2020-11-25 13:30:09'),
(16, 'Otras', 'O', 1, '2020-11-25 13:30:25');

-- --------------------------------------------------------

--
-- Estructura de tabla para la tabla `tomas_temperatura`
--

CREATE TABLE `tomas_temperatura` (
  `idToma` int(11) NOT NULL,
  `idEncuesta` int(11) DEFAULT NULL,
  `fechaHoraTomaEntrada` datetime DEFAULT NULL,
  `temperaturaEntrada` decimal(5,2) DEFAULT NULL,
  `fechaHoraTomaSalida` datetime DEFAULT NULL,
  `temperaturaSalida` decimal(5,2) DEFAULT NULL,
  `estado` tinyint(4) DEFAULT 1,
  `auditoria` datetime DEFAULT current_timestamp() ON UPDATE current_timestamp()
) ENGINE=InnoDB DEFAULT CHARSET=utf8 COLLATE=utf8_spanish2_ci;

-- --------------------------------------------------------

--
-- Estructura de tabla para la tabla `usuarios`
--

CREATE TABLE `usuarios` (
  `idUsuario` int(11) NOT NULL,
  `idTipoVinculacion` int(11) DEFAULT NULL,
  `nombreCompleto` varchar(50) COLLATE utf8_spanish2_ci DEFAULT NULL,
  `idTipoIdentificacion` int(11) DEFAULT NULL,
  `identificacion` varchar(50) COLLATE utf8_spanish2_ci DEFAULT NULL,
  `email` varchar(50) COLLATE utf8_spanish2_ci DEFAULT NULL,
  `telefonoPersonal` varchar(50) COLLATE utf8_spanish2_ci DEFAULT NULL,
  `fechaNacimiento` date DEFAULT NULL,
  `idTipoGenero` int(11) DEFAULT NULL,
  `direccionResidencia` varchar(50) COLLATE utf8_spanish2_ci DEFAULT NULL,
  `idMunicipio` int(4) UNSIGNED DEFAULT NULL,
  `idDepartamento` int(3) UNSIGNED DEFAULT NULL,
  `idCentroFormacion` int(11) DEFAULT NULL,
  `idRolSistema` int(11) DEFAULT NULL,
  `passwordSistema` varchar(50) COLLATE utf8_spanish2_ci DEFAULT NULL,
  `estado` tinyint(4) DEFAULT 1,
  `auditoria` datetime DEFAULT current_timestamp() ON UPDATE current_timestamp()
) ENGINE=InnoDB DEFAULT CHARSET=utf8 COLLATE=utf8_spanish2_ci ROW_FORMAT=DYNAMIC;

--
-- Volcado de datos para la tabla `usuarios`
--

INSERT INTO `usuarios` (`idUsuario`, `idTipoVinculacion`, `nombreCompleto`, `idTipoIdentificacion`, `identificacion`, `email`, `telefonoPersonal`, `fechaNacimiento`, `idTipoGenero`, `direccionResidencia`, `idMunicipio`, `idDepartamento`, `idCentroFormacion`, `idRolSistema`, `passwordSistema`, `estado`, `auditoria`) VALUES
(1, 10, 'pedro perez', 4, '541212', 'yo@gfgg.com', '424242', '2020-12-02', 1, 'rrwr 43423 werwerr', 7, 15, 4, 1, '23edrfty', 1, '2020-12-02 05:25:34');

--
-- Índices para tablas volcadas
--

--
-- Indices de la tabla `aprendices`
--
ALTER TABLE `aprendices`
  ADD PRIMARY KEY (`idAprendiz`) USING BTREE,
  ADD KEY `FK_aprendices_tipos_identificacion` (`idTipoIdentificacion`),
  ADD KEY `FK_aprendices_municipios` (`idMunicipio`),
  ADD KEY `FK_aprendices_centros_formacion` (`idCentroFormacion`) USING BTREE,
  ADD KEY `FK_aprendices_vinculaciones_sena` (`idTipoVinculacion`),
  ADD KEY `FK_aprendices_fichas_formacion` (`idFichaFormacion`),
  ADD KEY `FK_aprendices_tipos_generos` (`idTipoGenero`),
  ADD KEY `FK_aprendices_departamentos` (`idDepartamento`);

--
-- Indices de la tabla `centros_formacion`
--
ALTER TABLE `centros_formacion`
  ADD PRIMARY KEY (`idCentroFormacion`) USING BTREE,
  ADD KEY `FK_centros_formacion_municipios` (`idMunicipio`),
  ADD KEY `FK_centros_formacion_departamentos` (`idDepartamento`);

--
-- Indices de la tabla `departamentos`
--
ALTER TABLE `departamentos`
  ADD PRIMARY KEY (`idDepartamento`) USING BTREE;

--
-- Indices de la tabla `encuesta_signos`
--
ALTER TABLE `encuesta_signos`
  ADD PRIMARY KEY (`idEncuesta`),
  ADD KEY `FK_encuesta_signos_aprendices` (`idAprendiz`),
  ADD KEY `FK_encuesta_signos_horarios` (`idHorario`),
  ADD KEY `FK_encuesta_signos_centros_formacion` (`idSedeIngreso`);

--
-- Indices de la tabla `fichas_formacion`
--
ALTER TABLE `fichas_formacion`
  ADD PRIMARY KEY (`idFichaFormacion`) USING BTREE,
  ADD KEY `FK_fichas_formacion_programas_formacion` (`idProgramaFormacion`);

--
-- Indices de la tabla `horarios`
--
ALTER TABLE `horarios`
  ADD PRIMARY KEY (`idHorario`);

--
-- Indices de la tabla `municipios`
--
ALTER TABLE `municipios`
  ADD PRIMARY KEY (`idMunicipio`) USING BTREE,
  ADD KEY `departamento_id` (`idDepartamento`) USING BTREE;

--
-- Indices de la tabla `preguntas_encuesta`
--
ALTER TABLE `preguntas_encuesta`
  ADD PRIMARY KEY (`idPreguntaEncuesta`) USING BTREE;

--
-- Indices de la tabla `programas_formacion`
--
ALTER TABLE `programas_formacion`
  ADD PRIMARY KEY (`idProgramaFormacion`) USING BTREE;

--
-- Indices de la tabla `respuestas_encuesta`
--
ALTER TABLE `respuestas_encuesta`
  ADD PRIMARY KEY (`idRespuestaEncuesta`) USING BTREE,
  ADD KEY `FK_respuestas_encuesta_encuesta_signos` (`idEncuesta`),
  ADD KEY `FK_respuestas_encuesta_preguntas_encuesta` (`idPreguntaEncuesta`);

--
-- Indices de la tabla `roles_sistema`
--
ALTER TABLE `roles_sistema`
  ADD PRIMARY KEY (`idRolSistema`) USING BTREE;

--
-- Indices de la tabla `tipos_generos`
--
ALTER TABLE `tipos_generos`
  ADD PRIMARY KEY (`idTipoGenero`) USING BTREE;

--
-- Indices de la tabla `tipos_identificacion`
--
ALTER TABLE `tipos_identificacion`
  ADD PRIMARY KEY (`idTipoIdentificacion`) USING BTREE;

--
-- Indices de la tabla `tipos_vinculaciones_sena`
--
ALTER TABLE `tipos_vinculaciones_sena`
  ADD PRIMARY KEY (`idTipoVinculacion`) USING BTREE;

--
-- Indices de la tabla `tomas_temperatura`
--
ALTER TABLE `tomas_temperatura`
  ADD PRIMARY KEY (`idToma`),
  ADD KEY `FK_tomas_temperatura_encuesta_signos` (`idEncuesta`);

--
-- Indices de la tabla `usuarios`
--
ALTER TABLE `usuarios`
  ADD PRIMARY KEY (`idUsuario`) USING BTREE,
  ADD KEY `FK_aprendices_tipos_identificacion` (`idTipoIdentificacion`) USING BTREE,
  ADD KEY `FK_aprendices_municipios` (`idMunicipio`) USING BTREE,
  ADD KEY `FK_aprendices_departamentos` (`idDepartamento`) USING BTREE,
  ADD KEY `FK_aprendices_centros_formacion` (`idCentroFormacion`) USING BTREE,
  ADD KEY `FK_usuarios_roles_sistema` (`idRolSistema`),
  ADD KEY `FK_usuarios_vinculaciones_sena` (`idTipoVinculacion`),
  ADD KEY `FK_usuarios_tipos_generos` (`idTipoGenero`);

--
-- AUTO_INCREMENT de las tablas volcadas
--

--
-- AUTO_INCREMENT de la tabla `aprendices`
--
ALTER TABLE `aprendices`
  MODIFY `idAprendiz` int(11) NOT NULL AUTO_INCREMENT, AUTO_INCREMENT=11;

--
-- AUTO_INCREMENT de la tabla `centros_formacion`
--
ALTER TABLE `centros_formacion`
  MODIFY `idCentroFormacion` int(11) NOT NULL AUTO_INCREMENT, AUTO_INCREMENT=7;

--
-- AUTO_INCREMENT de la tabla `departamentos`
--
ALTER TABLE `departamentos`
  MODIFY `idDepartamento` int(3) UNSIGNED NOT NULL AUTO_INCREMENT, AUTO_INCREMENT=102;

--
-- AUTO_INCREMENT de la tabla `encuesta_signos`
--
ALTER TABLE `encuesta_signos`
  MODIFY `idEncuesta` int(11) NOT NULL AUTO_INCREMENT, AUTO_INCREMENT=17;

--
-- AUTO_INCREMENT de la tabla `fichas_formacion`
--
ALTER TABLE `fichas_formacion`
  MODIFY `idFichaFormacion` int(11) NOT NULL AUTO_INCREMENT, AUTO_INCREMENT=2;

--
-- AUTO_INCREMENT de la tabla `horarios`
--
ALTER TABLE `horarios`
  MODIFY `idHorario` int(11) NOT NULL AUTO_INCREMENT, AUTO_INCREMENT=13;

--
-- AUTO_INCREMENT de la tabla `municipios`
--
ALTER TABLE `municipios`
  MODIFY `idMunicipio` int(4) UNSIGNED NOT NULL AUTO_INCREMENT, AUTO_INCREMENT=1101;

--
-- AUTO_INCREMENT de la tabla `preguntas_encuesta`
--
ALTER TABLE `preguntas_encuesta`
  MODIFY `idPreguntaEncuesta` int(11) NOT NULL AUTO_INCREMENT, AUTO_INCREMENT=15;

--
-- AUTO_INCREMENT de la tabla `programas_formacion`
--
ALTER TABLE `programas_formacion`
  MODIFY `idProgramaFormacion` int(11) NOT NULL AUTO_INCREMENT, AUTO_INCREMENT=5;

--
-- AUTO_INCREMENT de la tabla `respuestas_encuesta`
--
ALTER TABLE `respuestas_encuesta`
  MODIFY `idRespuestaEncuesta` int(11) NOT NULL AUTO_INCREMENT, AUTO_INCREMENT=2;

--
-- AUTO_INCREMENT de la tabla `roles_sistema`
--
ALTER TABLE `roles_sistema`
  MODIFY `idRolSistema` int(11) NOT NULL AUTO_INCREMENT, AUTO_INCREMENT=3;

--
-- AUTO_INCREMENT de la tabla `tipos_generos`
--
ALTER TABLE `tipos_generos`
  MODIFY `idTipoGenero` int(11) NOT NULL AUTO_INCREMENT, AUTO_INCREMENT=3;

--
-- AUTO_INCREMENT de la tabla `tipos_identificacion`
--
ALTER TABLE `tipos_identificacion`
  MODIFY `idTipoIdentificacion` int(11) NOT NULL AUTO_INCREMENT, AUTO_INCREMENT=6;

--
-- AUTO_INCREMENT de la tabla `tipos_vinculaciones_sena`
--
ALTER TABLE `tipos_vinculaciones_sena`
  MODIFY `idTipoVinculacion` int(11) NOT NULL AUTO_INCREMENT, AUTO_INCREMENT=17;

--
-- AUTO_INCREMENT de la tabla `tomas_temperatura`
--
ALTER TABLE `tomas_temperatura`
  MODIFY `idToma` int(11) NOT NULL AUTO_INCREMENT;

--
-- AUTO_INCREMENT de la tabla `usuarios`
--
ALTER TABLE `usuarios`
  MODIFY `idUsuario` int(11) NOT NULL AUTO_INCREMENT, AUTO_INCREMENT=2;

--
-- Restricciones para tablas volcadas
--

--
-- Filtros para la tabla `aprendices`
--
ALTER TABLE `aprendices`
  ADD CONSTRAINT `FK_aprendices_centros_formacion` FOREIGN KEY (`idCentroFormacion`) REFERENCES `centros_formacion` (`idCentroFormacion`),
  ADD CONSTRAINT `FK_aprendices_departamentos` FOREIGN KEY (`idDepartamento`) REFERENCES `departamentos` (`idDepartamento`),
  ADD CONSTRAINT `FK_aprendices_fichas_formacion` FOREIGN KEY (`idFichaFormacion`) REFERENCES `fichas_formacion` (`idFichaFormacion`),
  ADD CONSTRAINT `FK_aprendices_municipios` FOREIGN KEY (`idMunicipio`) REFERENCES `municipios` (`idMunicipio`),
  ADD CONSTRAINT `FK_aprendices_tipos_generos` FOREIGN KEY (`idTipoGenero`) REFERENCES `tipos_generos` (`idTipoGenero`),
  ADD CONSTRAINT `FK_aprendices_tipos_identificacion` FOREIGN KEY (`idTipoIdentificacion`) REFERENCES `tipos_identificacion` (`idTipoIdentificacion`),
  ADD CONSTRAINT `FK_aprendices_vinculaciones_sena` FOREIGN KEY (`idTipoVinculacion`) REFERENCES `tipos_vinculaciones_sena` (`idTipoVinculacion`);

--
-- Filtros para la tabla `centros_formacion`
--
ALTER TABLE `centros_formacion`
  ADD CONSTRAINT `FK_centros_formacion_departamentos` FOREIGN KEY (`idDepartamento`) REFERENCES `departamentos` (`idDepartamento`),
  ADD CONSTRAINT `FK_centros_formacion_municipios` FOREIGN KEY (`idMunicipio`) REFERENCES `municipios` (`idMunicipio`);

--
-- Filtros para la tabla `encuesta_signos`
--
ALTER TABLE `encuesta_signos`
  ADD CONSTRAINT `FK_encuesta_signos_aprendices` FOREIGN KEY (`idAprendiz`) REFERENCES `aprendices` (`idAprendiz`),
  ADD CONSTRAINT `FK_encuesta_signos_centros_formacion` FOREIGN KEY (`idSedeIngreso`) REFERENCES `centros_formacion` (`idCentroFormacion`),
  ADD CONSTRAINT `FK_encuesta_signos_horarios` FOREIGN KEY (`idHorario`) REFERENCES `horarios` (`idHorario`);

--
-- Filtros para la tabla `fichas_formacion`
--
ALTER TABLE `fichas_formacion`
  ADD CONSTRAINT `FK_fichas_formacion_programas_formacion` FOREIGN KEY (`idProgramaFormacion`) REFERENCES `programas_formacion` (`idProgramaFormacion`);

--
-- Filtros para la tabla `municipios`
--
ALTER TABLE `municipios`
  ADD CONSTRAINT `FK_municipios_departamentos` FOREIGN KEY (`idDepartamento`) REFERENCES `departamentos` (`idDepartamento`);

--
-- Filtros para la tabla `respuestas_encuesta`
--
ALTER TABLE `respuestas_encuesta`
  ADD CONSTRAINT `FK_respuestas_encuesta_encuesta_signos` FOREIGN KEY (`idEncuesta`) REFERENCES `encuesta_signos` (`idEncuesta`),
  ADD CONSTRAINT `FK_respuestas_encuesta_preguntas_encuesta` FOREIGN KEY (`idPreguntaEncuesta`) REFERENCES `preguntas_encuesta` (`idPreguntaEncuesta`);

--
-- Filtros para la tabla `tomas_temperatura`
--
ALTER TABLE `tomas_temperatura`
  ADD CONSTRAINT `FK_tomas_temperatura_encuesta_signos` FOREIGN KEY (`idEncuesta`) REFERENCES `encuesta_signos` (`idEncuesta`);

--
-- Filtros para la tabla `usuarios`
--
ALTER TABLE `usuarios`
  ADD CONSTRAINT `FK_usuarios_departamentos` FOREIGN KEY (`idDepartamento`) REFERENCES `departamentos` (`idDepartamento`),
  ADD CONSTRAINT `FK_usuarios_roles_sistema` FOREIGN KEY (`idRolSistema`) REFERENCES `roles_sistema` (`idRolSistema`),
  ADD CONSTRAINT `FK_usuarios_tipos_generos` FOREIGN KEY (`idTipoGenero`) REFERENCES `tipos_generos` (`idTipoGenero`),
  ADD CONSTRAINT `FK_usuarios_vinculaciones_sena` FOREIGN KEY (`idTipoVinculacion`) REFERENCES `tipos_vinculaciones_sena` (`idTipoVinculacion`),
  ADD CONSTRAINT `usuarios_ibfk_1` FOREIGN KEY (`idCentroFormacion`) REFERENCES `centros_formacion` (`idCentroFormacion`),
  ADD CONSTRAINT `usuarios_ibfk_3` FOREIGN KEY (`idMunicipio`) REFERENCES `municipios` (`idMunicipio`),
  ADD CONSTRAINT `usuarios_ibfk_6` FOREIGN KEY (`idTipoIdentificacion`) REFERENCES `tipos_identificacion` (`idTipoIdentificacion`);
SET FOREIGN_KEY_CHECKS=1;
COMMIT;

/*!40101 SET CHARACTER_SET_CLIENT=@OLD_CHARACTER_SET_CLIENT */;
/*!40101 SET CHARACTER_SET_RESULTS=@OLD_CHARACTER_SET_RESULTS */;
/*!40101 SET COLLATION_CONNECTION=@OLD_COLLATION_CONNECTION */;
